input	output
hoton baha seme gvsin yan xangnaha,	克城，赐银三十两。
ere be gisun fonjifi waha.	讯问后杀之。
tereqi musei yaya elqin lakqaha,	言尔等如不罢锦州城工，我将发兵等语。而后我即兴师，
mini qouha suweni tere gese suwende bahabuha biqi, tuttu ujire anggala, uju be hono bibumbiheu,	当孩提之时，养育者尔父母也。
ere uheri jakvn tanggv jakvnju bou, juwan nadan niru,	以上共八百八十家，十七牛录。
suwe unenggi ofi minde akdarakv ohode, sini mukvn -i dorgi emu niyalma jiu,	尔若实心诚意，对我有所不信，则遣尔族人一名前来，
juwan de, geren be isabufi han hendume,	初十日，汗集众官员等谕曰：
enggeder efu -i daiqing se, nikan ilan tanggv isire yafahan qouha waliyaha gaxan de ing hadafi bihe be gidafi wara de,	出略之巴克什乌讷格来书云：
fujiyang ho k’o g’ang daharakv marara be, zu jafafi hoton qi tuqibufi juwe niyalma anatame gajifi, hoton -i wargi derei ulan -i tule saqime waha,	二十八日，诸副将、参将、游击、守备、都司均与祖总兵官合谋归降，
dalingho be gaiha mudan de, hoton tuwakiya seme werihe, hoton -i qouha tuqifi, tulai dosika de, juwe jergi afaha,	克大凌河之役，留其守城，城中兵出，图赖进击，彼亦连战二次。
orin nadan de, enduringge han lin jin giyang be doufi, pa jeu de deduhe,	二十七日，圣汗渡临津江，至琶州驻营。
janggisa hiyasa be unggifi emu dedume fudehe.	二十七日，外蒙古诸贝勒奏汗曰：
meni fuqihi -i xabi, beye udu yadaqibe doro yadahvn akv,	我佛门弟子，身虽贪而道不贪，
juwan de, weijeng nangsu be geli takvraha,	初十日，复遣卫征囊苏往宁远，
tere inenggi, jalait gurun -i erebu, han de dehi seke gajime jihe.	是日，扎责特部额呼布来献汗貂皮四十。
zu marame han be neneme omi serede, han, amba beile de neneme angga isibufi han omiha,	备馔宴之。汗以金盅酌酒进祖，祖辞，
ilan morin emu temen jafaha bihe,	献马三、驼一，
meni meni qouha be gajime aqanjime jifi, han de hengkileme aqara de, suje ulin temen morin ambula jafaha bihe,	各率兵来会，拜见汗，献财帛、驼马甚多，
sung lo qai gvsin bouse, bai qai emu minggan emu tanggv bouse, yendahvn emke, tongmok gurun -i beri juwe,	松萝茶三十包、素茶一千一百包、犬一、通莫克部弓二；
be aqaki sere yargiyan akvqi, meni niyalma be jafafi suwende bufi waqi, bi abka de gelerakvn,	若我非诚心讲和，执我人交与尔等斩之，我岂不畏天乎。
orin nadan de, tusiyetu han -i juwe elqin be amasi takvrafi unggihe,	偕土谢图汗之使臣二人至。
iqe duin de, qahar -i gungju amba sarin sarilaha,	此宴，公主进献：金茶桶一、金酒海一、金壶一、琥珀素珠一、珍珠素珠一、青金石素珠一、珊瑚素珠一、
juwe morin baha,	获马二。
orin emu de, ukxan nakqu -i elqin genehe,	二十一日，乌克善舅舅之使臣还。
enduringge han de ilan jergi niyakvrafi ilan jergi hengkilere de, han karu ilan jergi buhi arame niyakvrafi hengkilehe,	向圣汗行三跪三叩首礼。汗屈膝答拜三次
geren bireme afara bade afakini,	唯遇众人齐战时随众进战。
tere be ainambi seme gisun wesimbure jakade, han ambula gasame, hife, garin, loxo, jamba be, geren beise de takvrame hendume,	“尔等诸贝勒先欲抛撒莽古尔泰、德格类二贝勒之骸骨，
tere be sini anggai bila,	由尔亲定。
lo ting ubaliyafi medege gaime juwe jergi takvraha niyalma be emkeqi amasi unggihekv ofi,	“乐亭复叛，两次遣人往乐亭侦探消息，竟无一人回报，
korqin -i geren beise jiderakv,	科尔沁部诸贝勒不至，
hvlhame niyalma be tuqibume takvraha de, fujiyang ni yargiyan taxan gisurere be uthai sambi kai,	则可暗地遣人前来，副将此言之虚实即可知也。
tere inenggi, hoton qi jeku hadume tuqike nikan be, buyantu dehi bayara be gaifi boxofi, gvsin niyalma be waha,	即交马总兵官养之。
bi buqehe giran be kimuleme soqi, tere ehe niyalma be alhvdambiu,	如是则非贤者之义也。
gosin onqo hvwaliyasun enduringge han ejen de, gurun -i suduri yamun -i hife, garin, manju monggo nikan meni geren bithesi se niyakvrafi wesimbure gisun,	“国史院希福、刚林及满蒙汉笔帖式等跪奏宽温仁圣汗：
muse be weile arame feliyehe serahv seme tuttu bederehe,	又恐人言我等犯罪，故引军还。”
baturu gufu emhun fargafi, gure -i bigan de amqanafi, kosi be wafi, uyun morin be gajifi han de buhe,	巴图鲁姑夫独往追赶，至古勒郊野杀阔喜，夺回九马进献于汗。
suwayan giltasikv emke, qekemu ilan, niuwanggiyan juwangduwan emke, fulgiyan gequheri juwe, suje juwe, pengduwan juwan, g’au lii bu emke,	黄片金一、倭缎三、绿妆缎一、红蟒缎二、缎二、彭缎十、高丽布一、
si ere utala neneme eherehe weile be akv arafi, membe neneme eherehe serengge, abka be sarkv semeu,	尔先数次启衅，却权当无有，反言我先寻衅，天岂不知之。
hvlara hafan niyakvra hengkile seme hvlaha manggi, ilan jergi niyakvrafi uyun jergi hengkilehe,	赞礼官赞跪赞叩，行三跪九叩礼。
weilengge manggvltai, degelei juwe beile -i giran sindaha aisin menggun -i tetun be gaifi, be asarahabi,	作何处置耶。”汗大怒，遣希福、刚林、罗硕、詹霸等往谕诸贝勒曰：
jakvn tu be juleri sisifi, monggo buren yehere buren burdeme, laba, bileri fulgiyeme, abka de ilan jergi niyakvrafi uyun jergi hengkilehe,	立八纛于前，吹螺掌号及喇叭、喷呐，拜天，行三跪九叩礼。
beile dosiqi, suwe ainu iliburakv emgi gaifi dosika,	今贝勒进击，尔等何不阻止，反率兵与之同进。
juwan ninggun de, bi ginjeu be tuwaname tumsi, lousa de juwe tanggv niyalma adabufi,	率山海关外马兵七千、步兵一万，悉人锦州等语。
auhan -i bekitei, togo, naiman -i abang, esede emte morin, ilan niyalma de aqan emu temen,	敖汉部伯齐特依、托廓，奈曼部阿邦等，各赏马一，三人合给驼一；
emu,	此一也。
ilaqi debtelin sure han -i suqungga aniya duin biya	第三册天聪元年四月
sinahi songgoro de, minggan beile tafulame hendume,	临丧恸哭。贝勒明安劝曰：
amasi jidere de, alin de xanqilaha monggo de juleri dosika,	俘获甚众。
tere fonde ainame kanagan arafi dosiqi musei qiha,	彼时乘隙而入，任我为所欲为矣。
duin iqi tabqilame jeku be durime gaijara be, wesihun gurun sarkv semeu,	四出掳掠，夺取粮谷，岂贵国所不知乎。
geren geli endembiu seme henduhe manggi, juwe qin wang jabume, han gosin onqo be gvnime, meni buqere beyebe dahvme ujihe,	众亦岂有不共见之者耶。”谕毕，二亲王对曰：“汗克宽克仁，俾我等死而复生。
meni bederebuhe hada -i niyalma be yehe suqufi gamaqi, suwe umai sehekv,	其我释还之哈达人，叶赫掠之去，尔明国却置若罔闻。
ahaliyan ilaqi jergi meiren -i janggin,	阿哈廉系三等梅勒章京，
baibi taifin banjire de buyeme dain arafi, aikabade gurun samsifi gemu gvwa gurun de dosifi elemangga sinde jobolon ojoro ayou,	坐享太平之时，愿起衅端，倘若国人散离，各投他国，恐祸患及身也。
si geli boigon gajime beging qi deu be baime ukame jihengge, unenggi akdun kai,	尔复为寻弟，携眷由北京来归，洵属诚信。
terei amala, geli yehe de dafi, mini buyanggv hiya be waha,	其后，乃又助叶赫杀我侍卫布扬古，
ma fujiyang ni boigon ganahangge, beging qi tuqifi mederi be jimbi sere,	往取马副将之家眷，闻已离北京，自海而来。
aqara doro be gisureqi hvdun sain kai,	若欲修好，则速议之为善也。
juwan juwe de, han amba sarin dagilafi tulergi goloi beise be sarilaha,	时科尔沁贝勒杜梅之妻献雕鞍马二、空马十八、羊三、貂皮端罩一。
meiren -i janggin be jalan -i janggin uqaraha de, jugvn -i dalba be anabume yabumbi,	甲喇章京遇梅勒章京时，让以路，行路旁；
han hendume,	汗曰：
houxan -i sara emke, aga de eture moqin -i kurume emke,	金簪二、珍珠包头一、翡翠翎簪九、蓝缎伞一、
ba ba -i gurun gemu buyeme dahaha,	各国悦服，
han hese wasimbume, tuttu oqi ihan bure sefi, tereqi han majige genehe biqi, amargiqi xoto age amqame jifi geli hendume,	汗谕曰：“既如是，赐以牛。”汗稍前行，硕托阿哥自后追至，复曰：
doro aqarakv oqi, qahar minde burulame tumen bade goro genehebi,	旁无窥伺，
efujehe hafasa meni meni gung be bithe arafi, han de bithe wesimbuhe,	各革职官员遂以其功具书奏闻。
i umesi ing hadafi iliqi, musei ubai pou gamafi pou -i aqinggiyaki,	若乘夜冲击尔营，则命士卒避于安全之地，择精兵击之。
jai aliha qouha be emu niru de emte uksin, emu gvsa de emte janggin tuqibufi, sele be da arafi, jidere jugvn be kame unggihe,	又选阿礼哈超哈每牛录甲士一人、每一旗章京一员，以色勒统之，前去堵截其来路。
beging heqen -i yung ding men dukai juleri juwe ba -i dubede, duin zung bing guwan man gui, he yvn lung, ma deng yvn, sun zu xeu, morin yafahan duin tumen qouha jase jafafi,	供称北京永定门南二里外，有满桂、黑云龙及麻登云、孙祖寿四总兵官领马步四万，结木栅，
gurun -i ambasa, gvsai beise de sadun jafaqi, jafan uyun morin, uyun foloho enggemu hadala, uyun uksin saqa,	国中大臣若与固山贝子结亲，则聘礼为马九、雕鞍辔九、盔甲九；
lii z gung, lii iu gung, jang xang u ilan nofi daqi gisurere de tuqifi gisurehe,	李子功、李有功、张尚武三人，初议降时曾出面协商，
taka yalufi yabu seme juwe morin buhe,	马二匹，暂行骑用之。
be inu tere gisun be unenggi amba jurgan seme, meni geren beise elqin takvrafi wang be meni hebe de dambiu darakvn seme donjibume unggihe,	我等思之，王应以汗兄军威所向，招降各国，获得玉玺而深感欣慰，
orin ninggun de, aru -i kal.ka -i gurun de xangname buhengge,	卫征喇嘛上好蟒缎一、缎二、毛青布二十四，跟役三人各毛青布五。
tuttu donjime wajiha manggi, hvlara hafan -i hengkile niyakvra seme hvlara be tuwame ilan jergi niyakvrafi uyun jergi hengkilehe,	赞退，乃各复位。
baha olji be han de tuwabuha,	以其所获献汗阅视，
tung fuma hendume,	佟驸马曰：
abkai hesei forgon be aliha gosin onqo hvwaliyasun enduringge han -i hese,	“奉天承运，宽温仁圣汗制曰：
fulingga bisirengge sinde aisilame han tembi,	有福者皆助尔称帝。
nirui janggin sa, sele -i foloho aisin ijuha muheliyen touhan umiyesun,	牛录章京，镌铁花镀金圆带板腰带；
orin sunja de xolingho bira be doufi ulan fetefi sejen kalka pou miyouqan akdulame ing iliha bade,	二十四日，明马步兵四万余，由锦州城出。
tofohon de, han giyouqan de tuqifi, gulu suwayan -i bayara be isabufi, yangguri efu qi fusihvn waqihiyame uksile seme uksilebufi,	十五日，汗幸校场，集正黄旗护军，命自杨古利额驸以下尽皆擐甲，
hiyan dabu sehe manggi, enduringge han, tan -i dergi ashan -i tafukv be tafame genefi, abka -i sourin -i juleri niyakvraha manggi,	赞上香，圣汗从坛东阶升至上帝神位前跪。
ineku tere inenggi, dahabure bithe arafi kiru jafabufi, golo golode takvra seme, be du tang de afabufi takvraha.	是日，命白都堂遣人给以招降书及令旗，往各地招降。
ninggun biyai iqe de, asan -i deu adahai be waha,	六月初一日，诛阿山之弟阿达海。
wabuha niyalmai oron toudame gaifi meni meni niru de buhe.	凡被杀者，计缺赔赏，给各牛录。
waha beise -i juwan duin bou be,	将被杀贝勒下十四户，
juwan juwe de, abatai taiji, jirgalang taiji, sahaliyen taiji, neneme jihe geren qouha baha olji be gamame boude genehe,	十二日，台吉阿巴泰、台吉济尔哈朗、台吉萨哈廉率众兵携俘获还沈阳。
gashvha inenggi qi ebsi, meningge suwende geneqi suwe benju,	盟誓之日前，凡逃入彼处者，皆可容留。
gulu lamun -i dalai, ini gvsai dai darhan de enduringge han de deji gaimbi seme, duin tanggv uyunju nadan yan menggun gaifi deji burakv,	正蓝旗达赖以进献圣汗为名，向戴达尔汉领取银四百九十七两，然并未进献，
kabahai weijeng ni emu tanggv susai bou, ilan niru, janggin -i gebu esendei, bugvluk, mandusun,	桑图之五十家，编为一牛录，章京姓名：绰琫；
dorji efu serengge monggo gurun -i urut -i beise,	多尔济额驸系蒙古乌拉特部贝勒。
ilaqi jergi ninggun niyalma de, moqin -i sijigiyan, qamqi, fakvri, umiyesun, mahala, gvlha, emte jergi, suje emte, moqin juwanta, dambagu sunjata kiyan,	三等六人，赐毛青布袍、衬衣、裤、腰带、帽、靴各一套，缎各一，毛青布各十，烟各五刀。
suweni miusihon tere juwe,	此乃尔之偏私，此二也。
ere emu,	此一也。
terei alarangge, monggoso, nikan -i hoton de dosikangge gemu dahaha,	“蒙古人中入明城者皆降。
tere inenggi, karaqin -i engkesereng ni adulai emu sakda -i yali, emu honin yali gajime han de hengkileme jihe,	是日，喀喇沁部恩克色棱属下阿杜赖携一野猪之肉及一羊之肉前来朝见。
aisin gurun -i han sain okini seme gvnifi, fe ba na be bederebume abka de gashvfi,	金国汗意欲和好，即归还旧地，誓告于天。
beye jafabuha, bi buqeqi, mini sunja jui ilan omolo tese banjikini,	因不能挡，为尔所败。
qouhai morisa gemu neigen tarhvhabiu akvn,	军马皆膘壮与否。
sibuhai untuhun nirui janggin,	希布海无官衔而掌牛录章京任，
orin jakvqi debtelin sure han -i duiqi aniya sunja biya	第二十八册天聪四年五月
zu zung bing guwan be dosimburakv,	未令祖总兵官入城，
fusihvn gurun -i mutere ba waka ofi, tuttu amasi julesi hebdeme toktobufi, wesihun gurun alime gaiha,	敝国使者业与贵国使者面定而还。
batun baksi de gvsin yan menggun, suje duin, emu elbihe jibqa, emu beri, dambagu susai kiyan,	茶一百斤、粉五斤、针五千、毛牛角二百对、耳坠、生丝、线二百六十盒、石青十两，
bi niyalma buqere irgen joboro be safi, hanqiki gurun -i sain doro be hairame, taifin banjire be gvnime ederebuhengge kai,	盖我知人亡民苦，惜邻国和好之道，念两国太平，故撤兵耳。
gemu qeni araha waka de kai,	皆由彼二人之过所致矣。
oban emu morin,	鄂班马一。
jo jeu de g’o taigiyan -i emu minggan qouha be gidaha,	于涿州击败郭太监兵一千，
barin -i beise suwe minde nikeme jifi qouha de yabuqi kiqerakv, morin salafi yaluburakv, yaburengge amtan akv oqi,	尔巴林部诸贝勒，既来投我，倘不竭力戎行，又不承办马匹，怠缓不前，
bigan -i gurgu meihe jabjan inu eyehe.	野兽蛇蟒亦被冲走。
neneme dalingho de bi sinde emu niyalma be benefi, simbe tere be jafafi ume sindara sehengge, si uthai sindafi unggihe,	前于大凌河，我送一人与尔，令尔执而勿释，汝竟释而遣归。
nikan han kesi akv ofi, monggo -i gala de waliyabuha,	明帝不德，失之于蒙古之手，
lu geu kiyou -i juwe ba -i qouha be jakvn gvsai emgi gidaha,	又同八旗兵击败卢沟桥二处敌兵，
langsu -i nadanju emu bou, susai bou be emu niru, janggin -i gebu heridei,	朗苏之七十一家，以其五十家编为一牛录，章京姓名：赫里德依；
tujan -i qen ki sin tuwa baiqame yabuha,	图瞻之陈启新曾查管防火、
tere amban, gurun irgen -i jalin gvnire amban waka kai,	其臣非谋国为民之臣也。
dain saiyvn,	交战何益，
dai an keu be dosika dobori, ma lan ing ni canjiyang ni qouha, jasei duka de ilinjiha be jangga sirdan -i gabtame bederebuhe,	纳穆泰，升三等副将为三等总兵官之缘由：
tuttu bime faquhvn be erime emke de toktobume mutebuhekv aqafi bederehengge, terei mujilen qihalahakv, hvsun hamihakvngge waka,	然而，未能平乱统一，遂议和而归，并非其心不愿，力不足也。
ere gese weile be wesimburengge inu giyan,	“此等事固当奏闻，
susai morin baha,	获马五十。
bi emhun jurafi aqarakv bedereki, qahar -i emu ujan be suquha seme henduki sehe arga tere wakau,	不如独行，以便不会师而私自退回，且可托词曾掠察哈尔边界。此非尔之阴谋乎，
uksin saqa morin olji be sain be tomsoho,	所获马匹甲胄，取其善者，
tubai juxen nikan be gaifi jiqi, suweni gajiha juxen nikan be gemu suwende salibufi qihangga bade tebure,	若率彼处诸申、汉人来归，则将所携诸申、汉人尽归尔等专主也，任尔等择地居住。
ginjeu -i qouha be neneme gidaha de beile qi lakqafi juleri dosika,	先击败锦州兵时，离贝勒率先进击。
orin ninggun de wasimbuha bithei gisun,	二十六日，颁书云：
olji dendere onggolo hehe ume dedure,	分赏俘虏前勿淫妇女。
boude bihe amin beile, xoto taiji, emu nirui orita uksin be, yung ping de tehe ilan taiji qouhai niyalma be halame gene seme unggire de,	因备办甲胄、军械，督种田禾，会见来朝异地蒙古人，拟俟诸事就绪立秋后复往，
qouhai niyalma de emu inenggi juwe niyalma de aqan emu to -i jeku bumbi,	兵士每二人日给一柳斗粮。
kubuhe xanggiyan -i gvsai ejen ilden weile baha manggi, gvsai ejen be nakabufi turgei be gvsai ejen sindaha,	镶白旗固山额真伊勒登获罪，解固山额真任，以图尔格依为固山额真。
sain mujilen jakvn hoxo be ujimbi,	仁育八方。
tere bithede henduhengge,	其书曰：
jasei tule yehe de dame qouha tere,	援助边外叶赫，遣兵驻守，
jakvn hoton emu hoton be baha de gvwa be gemu bahambi kai,	八城得一，余皆可得矣。
holbaga, bogodaga, mihaqi, babuntai, sabugo, soju, obotai, ubatai,	霍勒巴噶、博果达噶、米哈齐、巴本泰、萨布果、索柱、鄂博泰、乌巴泰。
juwe beile kemuni bikini sembiu,	二贝勒仍欲留其任乎，
orin juwe de, tusiyetu efu -i juwe niyalma elqin jihe.	据闻在格根汗城迤东地方挑选牛羊之农夫，率兵驱赶牧群，匆忙启程迁移等语。
si hanja bolgo ginggun ujen gosin hiyouxungga kundulere doroloro jurgan be akvmbu,	尔务尽清廉、端庄、仁孝、谦恭之义，
suje -i gvlha juwan juru, amba gequheri juwe, undurakv gequheri juwe, nikan -i sain etuku duin, haqin haqin -i eden juwangduwan ninggun, qekemu sunja,	朝鲜大缎、圆彭缎十一、扁彭缎五、绸缎十、帽缎十、朝鲜纺丝五、
dergi hvwaliyasun doronggo boui fujin be dergi amba fujin,	东关雎宫福晋为东大福晋、
bithei da hife, garin juwe amban bou iui dere -i emte ujan be tukiyeme jafafi enduringge han de wesihun alibume,	大学士希福、刚林二大臣各抬黄宝御案一端，进圣汗。
tere unggihe niyalma be geli amasi takvrambi,	凡朝鲜、北面及东虎尔哈诸地消息，令前往捉生者遣人来报。
tung jeng, si dade hvdai niyalma bihe,	“佟正，尔原系商人。
jai emu jergi nonggifi nadan jergi sirambi.	再加世袭一次，准袭七次。
orin emu de tubihe baibume unggihe niyalma solho de dosika tanggv bou isire warka, yeqen, mafuta, duin niyalma be gajime baime jidere be uqarafi gajiha,	二十一日，我遣往采果之人遇瓦尔喀部进入朝鲜居住者，叶辰、麻福塔等四人率百户来归，引至。
han, geren beise geli sain mujilen -i waliyaqi ojoro be waliya,	汗及诸贝勒等仍持善心，可弃者弃之，
bi abkai hesei irgen be ergembume, qouha gaifi julesi jihe,	我承天命，欲安生民，兴师前来，
jai juwe jergi sirambi.	准再袭二次。
membe akdarakv geudebumbi seqi, te biqibe, du ming jung ni beye suwende bikai,	尔若不信，以我为欺，杜明仲现在尔处也。
daqi minde arga akv unenggi gisurembi,	我素无诡谋，唯以至诚相告。
ini amargi unqehen sunja niyalma be waha,	止斩其殿后兵五人，
enggemu hadala tohoho juwe morin, sula ilan morin gaiha,	受其雕鞍辔马二、空马三，
julge wei gurun -i ejen u heu, si ho bira be quwan -i wasire de hargaxame tuwafi u ki -i baru hendume, alin bira akdun sain kai, ere wei gurun -i boubai kai,	昔魏武侯浮西河而下，顾而谓吴起曰：‘美哉乎山河之固，此魏国之宝也。’
amba houxan sunja tanggv kiyan, amba houxan -i jalin nonggiha ajige houxan sunja tanggv kiyan, ajige houxan emu minggan kiyan,	大纸五百刀、又为大纸增加小纸五百刀、小纸一千刀、
gulu lamun -i cui iugi be ni gidaha turgun,	正蓝旗崔游击叙功缘由：
karaqin be fakv alin de usin tarime dosinu sehe bihe,	曾令喀喇沁人人法库山耕种，
han hese hendume,	汗谕曰：
bai ulin jetere jaka oqi, niyakvrafi alime gaifi ineku juwe jergi niyakvrafi ninggun jergi hengkile,	若系平常财帛、食物，亦跪受，仍行二跪六叩礼。
buyandai gvsai tofohon,	布颜岱旗十五匹、
eitereqi jurgan -i ejen de alahakv weile minde bi,	然未转告部员知之，其咎在我。
menggun -i ijifun juwe, sufan -i giranggi ijifun emken, hasaha ulme dobton ninggun, horho juwe, sukv buriha fulgiyan guise duin,	烟百刀、海参十包。
musei ishun emu sirdan iselere we bi,	值此窘迫之际，和则可成也。
gvsai ejen be nakabuha,	免死。革参将职，
hojiger be wesibuhe turgun,	霍济格尔擢升缘由：
jai juwe da moqin,	又毛青布二庹，
mini mafari daqi daiming gurun de umai ehe akv banjire de, mini juwe mafa de umai weile akv daiming gurun baibi waha,	臣之祖宗与大明国向无仇隙。臣二祖本无罪咎，而明国无端杀之。
iqe duin de, xangdu bira de ing ilifi,	初四日，驻营于上都河。
geren -i mujilen de aqarakv ofi, bi alime gaifi gisureqi ojorakv ofi, han de inu wesimbume bahakv,	亦不合众意，止有受而不言，故未奏知于帝。
ere juwe,	此二也。
tuttu akvqi ubade hvdaxambime, tubade hvdaxarakv doro biu,	不然，岂有许彼不许此之理耶。
duin jergi dosifi nakarakv jing songgoro de, geren wang, gvsai ejete niyakvrafi tafulame,	“圣汗至此已久，兹宜还清宁宫。”
juwe beile hendume,	“二贝勒曰：
muse juwe gurun daqi umai weile akv banjiha,	我两国向无仇隙，
haha emu tanggv orin, erei hehe juwe tanggv juwan, deji hehe nadanju,	“男丁一百二十，妇女二百一十口，上等妇女七十口，
iqe ilan de, zun hvwa -i hoton be afame gaiha,	初三日，克遵化城。
tongki fuka sindaha hergen -i dangse.	第二十四册天聪四年二月
ere xajilaha gisun be jurqeme yabure niyalma be, saikan fafularakv karmarakv oqi, tere fafularakv karmarakv gvsai ejen, jalan -i ejen, nirui ejen de weile.	有违此禁令者，将不行严加管教之固山额真、甲喇额真、牛录额真等一并治罪。”
hvlhaqi, hvlhaha jaka be toudabufi, jakvnju juwe xusiha tantambi,	行窃者，勒令赔偿所窃之物，鞭八十二，
bi irgen -i joboro jalin de aqaki sembi dere,	我欲言和，乃为解民之苦耳。
darhan efu gvsa, dalai gvsa gu an hiyan be gaiki seme genefi,	达尔汉额驸旗及达赖旗开往固安县，欲攻取之。
iqe ilan de, wasimbuha bithei gisun,	初三日，颁书曰：
te jihe bithe be tuwafi alimbaharakv sesulaha,	人参之贵贱，唯在两国之人计价交易，
beidere jurgan -i ashan -i amban jang da iui, boigon -i jurgan -i ashan -i amban sui ing dai, ere juwe de silun -i dahv emte,	户部马光辉貂镶皮袄；
arsalan, liyang hiyang ni ebergi qouha be boxoro de, enqu baksan -i qouha aqafi gidaha,	阿尔萨兰追逐良乡北侧敌兵时，遇另队之敌，败之，
kongko, bangsu, lobi gung baime bithe wesimbure jakade, hafan wesibure temgetu gung akv,	孔阔、邦素、洛比奏书请功，因无升迁之功绩，
yungxun, liyang hiyang ni qargi yafahan qouha be aliha qouha -i emgi gidaha,	永顺复与阿礼哈超哈败良乡一带敌步兵。
hvlha de hvlhaburahv,	以防被盗。
juwan jakvn de, ginjeu heqen -i hafasa qouhai niyalma be futa -i wasime jiu seme bithe arafi, sirdan -i da de hvwaitafi heqen -i dolo gabtaha,	十八日，系书于矢，射入城中，谕招锦州城官兵缱城来降。
elqin yaburengge emgeri lakqaha be dahame, meni niyalma be unggihekv,	唯因使臣往来既断，未遣我人往，
gungju be tafulaqi, ojorakv ofi, han hendume,	因劝公主不止。汗曰：
enduringge han tuwafi gemu bederebuhe.	圣汗阅毕，悉却之。
uheri ilan tanggv jakvnju, menggun juwe tanggv susai sunja xoge,	合计三百八十，银锭二百五十五；
geli mini ambasa be sini g’olou -i yamun de jiu gisun gisureki sehebi,	又令我大臣至尔阁老衙门议事，
orin uyun de, amin beile, jirgalang taiji, xoto taiji, geren qouha be gaifi wasihvn tabqin genehe,	二十九日，贝勒阿敏、台吉济尔哈朗、台吉硕托率众兵西掠。
yaya weile neqilie taijisa akta -i hvsun be efulerakv,	凡犯罪之诸台吉，当不劳累马力，
dahame jihe monggo -i beise, han de hengkileme jidere de, han, geren beise ambasa gemu iliha,	来归蒙古诸贝勒趋前将拜，汗与诸贝勒皆起立。
genere de juwe indehe be dabume tofohoqi inenggi isinaha,	“去时计在途宿二日，行十五日方至。
ese be mederi dalin -i ebsihe beneme samsika, holohoi, dajiha de, emu gvsai bayara ilata, kutule juwete adabufi unggihe.	遣达海、库尔禅、索尼送之去。
temen jafaha niyalma be tantahabi,	殴打牵驼之人，
ahvn deu araha hairaka doro kai,	兄弟之谊，诚可惜也。
ninggun biyai iqe de, man zung bing guwan -i qouha, mi yvn -i qouha be gidaha doroi jakvn ihan wafi tu weqehe,	六月初一日，以击败满总兵官之兵及密云兵，杀八牛祭纛。
g’au yung fu, si dade qang hing pu -i xeu pu bihe,	“高永富，尔原系昌兴堡守堡。
jai sini daiming ni dolo, monggo -i jakiyan de buhe kouli inu bi,	亦有尔明以物送于蒙古使者之例，
manglai -i ninggun morin, juwan emu temen, abang ni nadan morin, tofohon temen, bekitei, togo -i juwan juwe morin, tofohon temen,	莽赖马六、驼十一，阿邦马七、驼十五，伯齐忒及托廓马十二、驼十五，
enduringge han de gisun wesimbume, bi qai muke omiha, han, te genggiyen elhe boude weski seme amban janggin asan, meiren -i janggin turgei be takvraha manggi,	圣汗从其言，于戌刻还清宁宫，
jau xi hing, si dade xusai bihe,	“赵士兴，尔原系生员。
emu gvsa de juxen faksi emte juwete bi,	诸申匠人，每旗皆有一二，
tere bithei gisun,	书云
mouminggan ukame genere de, gurun -i dube qi durifi gamaha duin tanggv gvsin ninggun morin, dehi hehe,	茂明安人出逃时，由该部边界夺马四百三十六、妇女四十口而去。
sonom -i duin tanggv susai bou, uyun niru, janggin -i gebu hayang doulihv, omoktu, xodoi, seuke, gunggene, batu, mani, bodi,	索诺木四百五十家，编为九牛录，章京姓名：哈扬、道里呼、鄂莫克图、硕多依、叟格、恭格讷、巴图、马尼、博第，
tede mungtan mini ilan ahvn wabuha,	孟坦之三兄被杀。
tere yamji geren taijisa, gvsai ejete, han -i jakade jihe bihe,	是夜，诸台吉、固山额真等集于汗驻所，
kalka de niyaman hvnqihin doro jafaha seme ume akdara,	虽与喀尔喀结亲通好，亦勿信之。
daiqing gurun -i han -i bithe, qouhiyan gurun -i wang de unggihe,	“大清国汗致书朝鲜国王：
han -i beye goro okdorongge jou,	但出迎于沈阳城附近，拜堂子即可。汗若不允，坚意出迎，则相见时，汗宜端坐，
beging de qouha genehe mudan de, beging ni amargi dukai tule gidaha qouha de, yaya qi juleri dosika,	往征北京，击败北京北门外敌兵时，身先众军冲人。
gajiha ulin be sunja biya be manabufi ninggun biya de dosimbukini.	其携回各物，俟逾五月，至六月再携之入城。”
alai darhan de juwe temen, ayusi manglai de juwe temen, darhan joriktu -i qinuwa de juwan juwe temen, dalai buyantu de sunja temen,	给阿赖达尔汉驼二、阿玉希莽赖驼二、达尔汉卓里克图下齐努瓦驼十二、达赖巴彦图驼五、
bi jing kemuni dahvn dahvn -i aqara be gisureqi, daiming ni han ambasa karu emu gisun jaburakvngge, qohome faquhvn weile be dekdebure, gurun irgen de jobolon oburengge kai,	我屡次言和，而大明国君臣无一言回复，是有意召乱而贻祸国民也。
amaga inenggi gurun taifin oho manggi, tere gemu gung kai.	日后国归太平，即皆立功也。”
duin jeqen -i tulergi de urunakv hanqiki gurun bi,	四境之外必有邻邦交则为友，
tere yamji juleri karun genehe turusi, lousa monggo -i samsifi bihe haha emu tanggv, hehe juse emu tanggv funqeme, jakvn morin bahafi,	是夜，前哨图鲁什、劳萨获流散蒙古男丁一百人、妇孺百余口、马八匹，
juse sargan be ainu jobolon de tuxabumbi seme hendunume,	我等宁死城中，
manggvltai beile de bai emu morin, seke -i hayaha jibqa emke jafaha bihe,	大贝勒空马一、貂镶皮袄一，
san qa ho be mini jase obure,	三岔河为我界，
nenehe dergi taizu -i fonde, meni jergingge qimaha abalambi seqi, inenggi giyahvn maktambi, mumuhu feshelembi,	昔太祖时，我等得知明日出猎，即于今日调鹰蹴球，
muse de uqaraha bata be muse yala uhei hvsutuleme kiqeme afaqi, abka muse be gosime, bakein bata be gidame eberembure ohode, oihori sain kai,	除看守牲畜之人外，余众悉率之来。至于马匹，由骗马多余之人补足骗马之数。
simbe erdemungge sain seme hergen buheu,	“汤古岱，尔非汗之子乎，
uwan uyun de, sure han -i hese, tusiyetu han de bithe unggihe,	十九日，奉天聪汗命致书土谢图汗曰：
ujihe baili be gvnime, muterei teile faxxame tondoi akvmbume hvsun bu.	当念赡养之恩，益加尽忠效力。”
korsobuha ambula de, abka de habxafi dailaha,	乃因备受欺凌，故昭告天地而征讨之。
holo taxan ai baita,	虚假何用。
ini beile -i baitangga nikan seu xose sere haha be gidafi takvrambi,	隐匿其贝勒下汉人听差搜硕色役使；
gequheri juwan jakvn, undurakv ninggun, tukxan gequheri juwe tanggv gvsin emu, qekemu emu tanggv susai, genggiyen juwan uyun, pengduwan dehi jakvn,	蟒缎十八、龙缎六、牛犊蟒缎二百三十一、倭缎一百五十、石青素缎十九、彭缎四十八、
be inu gisureqi ojorakv kai,	我等欲议亦不便也。
unggihe bade kadalame akvmbuha seme fujiyang ni hergen buhe,	因于任所竭力尽职，授副将职。
gvsin dere, gvsin malu arki gama,	设席三十桌，携酒三十瓶往。
muhaliyan tuherengge bono -i gese, gabtara sirdan aga labsan -i gese,	枪炮齐鸣，震天动地，
dahaha guqu juwe niyalma de, emu niyalma de juwan moqin, emu niyalma de uyun moqin, ilan kutule de sunjata moqin buhe,	赐随从二人，一人毛青布十、一人毛青布九。跟役三人，各赐毛青布五。
dehi sunjaqi debtelin sure han -i ningguqi aniya aniya biya	第四十五册天聪六年正月
sinagan -i doroi unggihe bithei gisun,	以丧礼遗书曰：
seke tanggv,	貂皮一百；
dergi hesei k’odo de fonjiqi, k’odo -i alarangge, bou janggin, g’au janggin de sun de gung alaha sehe,	奉上谕询问阔多，阔多供称：“孙得功告于鲍章京、高章京。”
lask’ab dade monggo gurun -i karaqin -i gvsa ejelehe beile bihe,	喇思喀布，原系蒙古喀喇沁部管固山事贝勒，
yekxu gvsai burgi, kubuhe fulgiyan -i hvngniyaka, kubuhe lamun -i gasha, giui yung guwan -i angga xa tun de siuwan fu -i qouha be gidafi, ilan tanggv ninju jakvn morin baha,	叶克舒旗下布尔吉、镶红旗下洪尼雅喀、镶蓝旗下噶斯哈，于居庸关口沙屯地方击败宣府兵，获马三百六十八。
te bi amba sourin de tefi nenehe jalan -i enduringge han sebe alhvdame, eyute nota sargan juse de qe bume fungneme niyaman be gosire doro be toktobuha,	今我即大位，当效先世圣汗，册封姊妹女姪姪而定仁亲之道。
qananggi sansi goloi ping yang fu -i si ho wang duin niyalma be takvrafi, qohome liyoudung de sure han be han te seme ganafi ertele bedereme jidere unde,	前日，山西省平阳府西河王特遣四人至辽东，请天聪汗称帝，至今未归。
tuttu ofi sain be sonjome bifi, tere fujin be ganabure de ganabuha,	故选其优，遣人往聘此福晋，
ineku tere inenggi, uheri be baiqara yamun -i aliha amban jang cun xin -i wesimbuhe bithei gisun,	是日，都察院承政张存仁疏言：
dehi jakvqi debtelin sure han -i ningguqi aniya aniya biya	第四十八册天聪六年正月
ineku tere inenggi, inggvldai de unggihe bithe,	夜遣该人。
yondon -i gvsin jakvn bou, seusenghei -i uyun bou, ese emu niru, janggin -i gebu batma,	色棱二十九家、古鲁斯喀布六家，合编为一牛录，章京姓名：哈努依；
qang ping ni hoton de kalka isibuhakv,	攻昌平城时，未携至盾；
boigon talaha,	革职，
iqe sunja de, yangsimu bira de deduhe,	初五日，驻养息牧河。
ere jakvn weile -i turgunde duin tanggv yan -i weile gaiha,	以此八罪，罚银四百两，
ere gisun de mini alahangge, ere emu uquri iqengge eigen sargan minde gvwaliyakabi, ere be iqengge eigen sargan aikabade beleme alahabi dere seme henduhe sembi,	时我曾言：近日宜成格夫妇与我有隙，我疑宜成格夫妇捏言诬陷，故有此语。”
tuttu ofi abka na qahar -i han be wakalafi, qahar gurun be minde buhe,	是以天地厌察哈尔汗，以察哈尔国畀我。
takvraha elqin be waha,	且杀我使臣，
si ele kiqeme eigen de aisilame tondo be akvmbu,	尔宜勤加奋勉，助夫尽忠，
orin uyun de, houge taiji -i bou, gendur taiji be dosimbufi, emu ihan duin honin wafi, orin sunja dere dasafi sarilaha.	二十九日，豪格台吉家请根杜尔台吉，杀牛一、羊四，治筵二十五席，宴之。
suweni donjiha niyalma akdafi, mimbe amala geli ufararahv seme mujilen bahabure inu mujangga,	尔等闻之信以为真，启示我日后勿重蹈覆辙者实。
qe bithe be hvlara niyalma dergi ashan de wasihvn forome ilifi hvlame wajiha manggi, qe be ineku dere de sindambi,	宣读册文人于东侧西向立，宣读毕，仍置封册于案上，
gajiha ilan morin be gemu gaiha.	进汗马三，
uhvlja, argali gurgu waha.	获盘羊、母盘羊。
tere sarin de korqin -i dumei beile -i sargan, foloho enggemu hadala tohohoi juwe morin, sula morin juwan jakvn, honin juwan ilan, emu sekei dahv jafaha.	穆章黄台吉、色本达尔汉巴图鲁、伊尔扎木、尚嘉布、车根、巴林部满珠习礼、扎萨克图杜棱、蒙夸、古穆台吉、穆寨等，曾来朝贺元旦，
monggo -i beise hengkilere de, han ishun tebeliyehe,	蒙古诸贝勒叩拜时，汗与之相拥。
ama han -i bisire fonde, mini deu be mini emgi yabubumbihe,	彼率军启行，沃车畤叔父、萨哈勒察叔父送行，阿敏贝勒曰：
tuweri doroi bade oqi, sahaliyan dobihi amba mahala etu,	冬月人朝，许戴元狐大帽，
asut batma hvwang taiji -i jui gumushib taiji,	镶白旗拜珲岱公塔布囊之子克喜克图塔布囊、塔赖明安属下莽古尔岱霍绍齐之子鄂木布台吉、赖萨戴青之子托尔济莫台吉、
orin ningguqi debtelin wesihun erdemungge -i suqungga aniya uyun biya	第二十六册崇德元年九月
han juwe ahvn be ini boude solime ganafi, amba beile be siden de tebufi, manggvltai beile be ashan de tebufi, han ini beye be boigoji arame sarilara de,	汗遣人邀二兄至其家中，命大贝勒居中，莽古尔泰贝勒坐于侧，汗以户主礼设宴。
tere inenggi, mergen daiqing beile -i sehepe, jai emu monggo ukambi seme songgotu de gerqilefi waha,	是日，墨尔根戴青属下人色赫颇及一蒙古人欲逃，被松果图举发，杀之。
tere yamji, ma zung bing guwan, giya lang jung, yang fujiyang, meng fujiyang, zang iugi be gamafi, han, ini tehe monggo bou de dosimbufi,	是晚，汗召麻总兵官、贾郎中、杨副将、孟副将、臧游击五人至御幄，
ineku tere inenggi, han de gajihangge, ilduqi taiji juwe morin, hatan baturu emu morin, ukxan nakqu duin morin, manjusiri efu duin morin,	是日，土谢图额驸、小桑阿尔斋、翁诺依及绰诺惠、巴固勒至。
yekxu gvsai duin,	叶克舒旗四人、
iqe nadan de, han yamun de tuqifi, naiman -i hvng baturu beile de darhan -i gebu, jarut -i kabahai taiji de weijeng ni gebu buhe,	初七日，汗御殿，赐奈曼部贝勒洪巴图鲁以达尔汉名号，扎鲁特部台吉喀巴海以卫征名号。
han -i yasai tuwa,	汗应亲眼观之，
ilan biyai iqe de, han, geren beise ambasa be gaifi, dergi taizu genggiyen han de hangsi doroi weqehe.	三月初一日，清明节，汗率诸贝勒大臣依礼祭太祖英明汗之陵。
juwe weile qi wesihun gerqilefi, weihuken weile yargiyan ojoro ujen weile taxan oqi,	倘所告在两事以上，其轻者实而重者虚；
tere bithe de henduhengge,	其书曰：
fudeme dahai, kvrqan, sonin genehe bihe,	赠来使李天龙银十两，昌秀银四两。以送行礼，于浑河岸，杀一羊，宴之。
ongnogo, kekei, xakxabat, hadak, mouhai, babusai, baduhv, galo, vljei, qoktu, bayartu, munggu, onggotai, taisulai,	翁诺果、克肯、沙克沙巴特、哈达克、茂海、巴布赛、巴都虎、噶罗、谔勒哲依、绰克图、巴雅尔图、孟固、翁果泰、泰苏赖。
gurgu be gabtaha iqi yargiyan taxan be xajin de duile,	可下法司审验射兽方位之虚实。
morin orin nadan, ihan ilan, deji hehe uyunju jakvn, seke sunja tanggv ninju emu, sekei iqu orin ilan, sekei jibqa ninggun,	马二十七、牛三、上等妇女九十八口、貂皮五百六十一、貂皮筒子二十三、貂皮袄六、
weile araha niyalma be suwe tubade waqihiya sehe.	其犯罪之人，尔等可就地了结。”
mutebure qin wang de weile -i turgunde emu minggan yan -i weile gaisu,	成亲王亦因罪罚银一千两。
sonin, ajuhv tukiyehe yali be angga isikakv uthai tuqike manggi, tusiyetu han uthai sereng taiji, danggalai be takvrafi hendume,	索尼、阿珠虎不食而出。土谢图汗急遣台吉塞冷、党阿赖曰：
henduhe nergin de inu seme alime gaifi, tatan de genehe de, henduhe gisun be onggofi ekisaka biqi, qouhai niyalma faquhvn yabure weile ararangge tuttu kai,	此行既蒙天佑，诸凡俘获之人，倘离散其父子、夫妻，掠取其衣服，其恶尤甚。
morin duin feye baha,	马伤四处。
tere niyalmai kasara basara sere juwe yendahvn, ejen de dafi, jolo hutu -i emgi jafunuhai, jolo hutu be saime wafi, ejen -i ergen be tuqibufi boude bedereme jidere de,	其人有二犬，一日喀萨尔，一日巴萨尔，助其主人，与厉鬼相搏，将鬼咬毙，救主归家。
gequheri suje -i jibehun sishe duin jergi, aisin -i monggolikv emke, fadu emke, amba sifikv ilan, ajige sifikv ilan, suihun emu jergi, guifun ninggun,	蟒缎及缎被褥四套，金项圈一，荷包一、大簪子三，小簪子三，耳坠一副，戒指六；
ineku orin sunja de, gulu suwayan -i gvsa, kubuhe suwayan -i gvsa, gulu fulgiyan -i gvsa, kubuhe fulgiyan -i gvsa, kubuhe lamun -i gvsa, ere sunja gvsai emu gvsa de emte amban tuqibufi, emu nirui ilata uksin afabufi, solho -i wang be kame genehe hoxoi erke qin wang ni jakade qouha nonggime unggihe.	是日，命正黄、镶黄、正红、镶红、镶蓝五旗各出大臣一员，率每牛录甲士三人，前去增援往围朝鲜王之和硕豫亲王。
joriha jurgan be jurqerakv, afabuha weile be mutembi, kiqebe sain seme ilaqi jergi jalan -i janggin be jai jergi jalan -i janggin obuha,	以不负委任，恪尽厥职，勤勉可嘉，升三等甲喇章京为二等甲喇章京，
juwan ninggun de, musei jafafi ujihe nikan be k’ai ping ni douli de takvraha,	十六日，遣所获汉人赍书遗开平道
gvsin juweqi debtelin sure han -i duiqi aniya jakvn biyaqi jorgon biyade isinahabi	并令途中每日早晚供应一羊，十只鸡，一瓶烧酒。并赐伊等羊一只携往。
han tuwafi juwe mama de emte gequheri etuku, juwete suje buhe,	扎萨克图杜棱、满珠习礼、达尔汉洪巴图鲁各蟒缎一、缎二。
ere aniyai teile udaki,	仅今岁购之。
afaha weile de kiqebe seme geli wesibufi iugi -i hergen buhe,	因勤于厥职，又擢为游击。
te biyan zi sing gebungge niyalma giyansi jihe be bahafi fonjiqi, inu aqarangge taxan, lama be unggirakv tebuhe sembi,	今获奸细卞子兴讯问，亦称和好是假，羁留喇嘛不遣等语。
tofohon de, qouha genehe amin beile, lungsi be takvrame,	“汗勿远迎，
gulu suwayan -i qilin de tehe suldungga.	正黄旗驻铁岭之人苏尔东阿，
tere inenggi, gu an hiyan hoton -i aisin menggun sain ulin be bargiya seme, emu gvsai emte ulin -i niyalma be unggihe.	是日，每旗遣库使一人，往收固安县城金银财帛。
bi han de wesimbufi baiqabure jakade, pu -i niyalma be, be douli ini qisui gintaisi de dere arame aisilahabi,	我遂奏帝查之，知系白道员徇私，擅命堡中人援助锦泰希。
han -i boui qigu be, ereqi amasi qigu seme ume hvlara, manju gisun -i hvlaqi, faidan -i janggin, nikan gisun -i hvlaqi, ki xeu wei -i j’i hvi seme hvla,	“汗宫内旗鼓，嗣后勿称旗鼓，以满洲语呼之为‘法依丹章京’，以汉语呼之为‘旗手卫指挥’。
iqe nadan de, han, niu juwang hoton sahara alban -i niyalma be joboho, wafi jekini seme dehi ihan benebuhe.	初七日，汗以牛庄筑城夫役劳苦，给牛四十，遣人往送，令筑城夫役宰而食之。
bata de nikenefi buqehe kirui ejen, janggin, tu jafaha niyalma de juwete tanggv yan buhe,	其赴敌死者，小旗长、章京及执大纛人，各赏银二百两；
ama dergi taizu, abkai hese be alifi forgon be mukdembuhe gurun -i ten be fukjin ilibuha ferguwequke gungge gosin hiyouxungga horonggo enduringge hvwangdi,	“于皇考太祖承天广运圣德神功肇纪立极仁孝武皇帝并
ere niyalma de umai mejige akv.	此人并未带有其他消息。
enduringge han aikabade xun biya -i gese genggiyen -i bahanaqi, minde tumen urgun kai,	圣汗明鉴若日月，实臣之万幸也。
iqe juwe de, hogosutai -i angga hara aruk de deduhe.	初二日，驻跸果果苏泰河口哈喇阿鲁克。
juwan juwe de, kamtu, enggedei be amasi doroi baturu giyvn wang, bayan beile de takvraha,	十二日，遣喀木图、恩格德依赍敕还谕多罗武英郡王、饶余贝勒。
ese emu nirui emte bayara be gaifi, adun -i tulergi be fiyanjilame aralai de tenehe.	率每牛录护军一，赴阿喇赖地方驻守，以护畜群外侧。
narhvn bithei yamun -i aliha bithei da fan wen qeng,	国史院学士罗硕、
hvsita nirui janggin,	呼西塔系半个牛录章京，
emu beyei teile jiqi, bai gosime ujimbi,	倘小民杀官吏来归，则量功授职；
afaha weile de kiqebe seme wesibufi beiguwan -i hergen buhe,	因恪尽厥职，擢为备御。
tere inenggi, kvrqan baksi, dayaqi tabunang, muqengge, siuwan fu -i xen du tang, dung zung bing guwan de sung lii benjihe karu seme, han -i juwe morin benehe bihe,	是日，先是，汗备马二匹，遣库尔禅巴克什、达雅齐塔布囊及穆成格回赠宣府沈都堂、董总兵官，以答谢其送礼之情。
nikan -i emgi aqarakvqi, musei irgen ini qisui buqeme samsime wajimbi,	若不与明和，我民自必散亡殆尽。
dailaqi gurun -i jobolon atanggi wajimbi,	战则国民罹祸，何时可已。
ganggina nirui janggin,	刚济纳系牛录章京，
liyoudung ni ambasa yehe de dafi membe wara de isifi, hafirabufi abka de habxafi dailaha,	乃因辽东之臣偏助叶赫来侵我等，迫不得已，告天征之。
juwan -i da, funde boxokv, ajige boxokv, wang sai ilaqi jergi hiya -i sargan gaijara, urun gaijara yengsi de ilan honin, arki nure jakvn malu,	什长、分得拨什库、小拨什库、诸王之三等侍卫娶妻、娶媳设宴，准宰羊三，备酒八瓶；
niu juwang de anafu tenehe de, monggo -i ukanju be amqafi yoto beile, sahaliyen beile, namtai -i juleri yafahalafi dosifi niyalma waha,	前往牛庄戍守时，追蒙古逃人，于岳托贝勒、萨哈廉贝勒及纳穆泰前徒步冲人，斩逃人。
jai takvrara hafan niyalma i jeu -i hvdai adali ohode, amargi irgen -i hvsun muterakv ombi,	倘所遣官人等皆照义州贸易而行，则北方民力所不及。
fulahvn gvlmahvn sure han -i suqungga aniya, solho gurun be dailaha,	天聪元年，岁在丁卯，征伐朝鲜国。
fulgiyan funiyesun juwan juwe, quse juwan uyun, suje duin minggan ninggun tanggv uyun, etuku duin tanggv ninju nadan,	红褐子十二、绸子十零九、缎四千六百零九、衣服四百六十七、
olji morin orin ilan, seke jibqa juwan uyun, dobihi jibqa duin, dobihi jibehun emke, solohi jibqa ilan, ulhu jibqa ilan, elbihe jibqa juwe, oho -i dehele ilan,	所获马二十三、貂皮袄十九、狐皮袄四、狐皮被一、黄鼠狼皮袄三、灰鼠皮袄三、貉皮袄二、齐肩短马褂三、
jalan -i janggin, bayarai jalan -i janggin, ashan -i amban, han -i jai jergi hiya, wang sai uju jergi hiya -i sargan gaijara, urun gaijara yengsi de ninggun honin, arki nure tofohon malu, jakvn dere,	甲喇章京、护军甲喇章京、副承政、汗之二等侍卫、诸王之头等侍卫娶妻、娶媳设宴，准宰羊六，备酒十五瓶，设席八桌；
zu zung bing guwan -i emgi dahaha seme ilaqi jergi meiren -i janggin obuha,	尔随祖总兵官归降。是以援为三等梅勒章京，
mau wen lung, aisin gurun -i han -i tu -i fejile niyakvrame bithe isibumbi,	毛文龙拜金国汗纛下致书。
nikan, xurgei niyalma de donjibuqi, tumet -i niyalma de ulame alambi seme, tuttu xurgei niyalma de donjiburakv holkonde tuqifi wahabi,	倘为杀虎口之人得悉，必传告于土默特人。是以明国不令杀虎口人得知，即突然出兵袭杀之。
tofohon de, an jeu be halafi neihe heqen -i duka sehe.	十五日，改安州为开城门。
bi han de dahafi ukandara ubaxara be, abka na de akdulame gashvki,	至汗或杀或养，
hvlara hafan ili seme hvlaha manggi, enduringge han, geren gemu ilimbi,	赞礼官赞起立，圣汗及众皆起立。
ubai deute juse, geren hafan qouha -i jalin ume joboro,	勿为此处之子弟及众官兵忧虑，尽
doro be kiqeme dasara, irgen be gosime ujire, gurun irgen elhe taifin oqi,abka gosifi se jalgan golmin ombidere,	“若勤求治道，爱养人民，国泰民安，则上天眷佑，寿命延长，
juwan juweqi dobton taizung hvwangdi -i wesihun erdemungge -i suqungga aniya duin biyaqi sunja biyade isinahabi	第十二函太宗皇帝崇德元年四月至五月
giuhoto nirui hontoho janggin,	觉霍托系半个牛录章京，
monggo -i qahar han erdemungge sain jurgan be yaburakv, ambasai gisun de dosifi mini baru dain ofi bi dailara jakade,	蒙古察哈尔汗，仁德不修，听信大臣之言，与我构兵，我发兵征之，
han dulimbade tehe,	汗坐于中，
balai samsime burulafi mini qouha de uqaraha de waburahv,	若妄自散逃，恐遇我军见杀。
jou dere,	罢了。
hvdun bedereqina,	宜速撤回。
abkai gamara dube be ainambahafi sara,	官员马匹，其堪乘者止六十余匹等语。
morin juwe tanggv gvsin baha,	获马二百三十匹，
gurun -i ejen fujin -i taqibure be dahame gingguleme yabu,	谨遵国君福晋训诲，
hvrha de qouha genefi baha ilan tanggv gvsin hvrha be sunja lou de horifi,	往征虎尔哈部，俘获三百三十人，分囚五牢，
ninggun aniya tehe.	驻守六年。
bata kemuni enggelqeme sabumbihebi,	实则仍见有敌。
aisin gurun -i kouli aniya arara de, jorgon biyai orin uyun de nenehe mafari de waliyambihe,	金国定例，年逢腊月二十九日，祭奠先祖。
juwe ahvn hendume, han jiu serakv be hendumbi dere,	二兄曰：“汗不召则已，
mini unggihe umiyesun be jafafi songgome, bi han -i juleri qahar -i qouha de emgeri ferguwebume dosiki sehe bihe,	闻彼执我所赠金腰带泣曰：征察哈尔时，我曾欲于汗前奋进，期获嘉奖，
morin be gemu gaiha,	十二日，孙杜棱杀八羊，携至酒二背壶、马一，达赖楚虎尔携至马一，前来为汗饯行，
sourin be siraha hiyouxulara jui beyei funde ambasa be takvrafi niyakvrafi wesimbure gisun,	即位孝子，遣官跪奏：
erei emgi jihe xusai siui pi de emu hehe, emu etuku xangnaha.	同来之生员许丕，亦赏一衣一妇。
han ejen, abkai arbun be yargiyalaki seme marame ohakv,	今岁各部贝勒以新年礼前来朝贺，乘此机会，咸集盛京城。我等共商，议定汗主尊号。
amba giyai kuru ba oqi bikini, nuhaliyan sangga be jalukiyame neqihiye sehe babe, hese be jurqeme	“大街之高突处留之，其沟洼处填平之。”乃竟违旨，
juwe yafahan be jafafi gajiha,	执二人携还。
lai xui hiyan de qouha aqafi gidaha,	又于涞水县遇敌兵，合兵败之，
terei sirame dalai qvhur, dasi, baisa taiji, gumu, bumbu qvhur, guru, han de aqara de, aldangga emu jergi niyakvrafi hengkilehe,	当达拉海、纳玛西奇、德呼克依见时，汗与诸贝勒坐而受之，并行抱见礼。
u ging dou eihen yalufi zu janggin -i juleri yabuha,	吴景道乘驴行于祖章京前，
zun hvwa de tehe juwete uksin be halarangge, uba -i orita uksin qi fulu oqi, nendehe gisun -i songkoi hala, uksin isirakv oqi, fe tehe juwete uthai bikini,	至驻遵化甲兵，每二甲兵，宜令更换，但彼处甲兵若多于此处二十甲兵，可照原议更换。甲士若不足，可将原驻二人留驻
wei de lii, dade nikan -i pan giya keu de bai niyalma bihe,	魏德礼，原系明潘家口平民，
tere boui niyalma gemu sambi,	该家之人尽知之。
heqen geqefi saqiha ba tuhekekv ofi qouha bederehe,	时因城墙结冻，摧之未毁，是以班师。
solho -i tulergi goloi qouha ini wang be kafi bi seme donjifi, emu du tang emu tumen jakvn minggan qouha gaifi dame jifi, juwe kuren ing ilifi bihe be, xoto beise, nikan beise, bohoto beise, loto beise, asidarhan nakqu sede qouha bufi unggifi gidafi gemu waha,	朝鲜外道兵闻其王被围，有都堂一员率兵一万八千人来援，分兵两队扎营。时遣硕托贝子、尼堪贝子、博和托贝子、洛托贝子、舅舅阿什达尔汉等，率兵往击，尽斩之。
durben keuket darhan joriktui qinuwa, bujai susai juwe uksin, jebele ashaha kutule tofohon, bai kutule uyun,	四子部落达尔汉卓里克图下齐努瓦、布寨率甲兵五十二人、佩撒袋跟役十五人、无械跟役九人，
fiyanggv gvsai morin losa jakvn tanggv dehi, ihan eihen duin minggan duin tanggv ninju, niyalma sunja minggan ninggun tanggv, honin juwe minggan, uheri emu tumen juwe minggan uyun tanggv ninggun.	费扬古旗，马骡八百四十、牛驴四千四百六十、人五千六百、羊二千，共计一万二千九百零六。
ese neneme daqi dain de yabuha gung ambula bi,	苏鲁麦、杨古利、尼堪、雅赖、察巴海、布尔吉。塔兰与赖珠虎合，塔兰二分，赖珠虎一分。
sarin wajitala han, amba beile de ilan jergi, manggvltai beile de emu jergi arki jafaha,	至宴终，汗酌大贝勒者三，酌莽古尔泰贝勒者一。
juwan duin de, nikan de helen jafame, bayarai sain qouha emu tanggv tuqibufi unggihe,	十四日，遣精选护军百人往明地捉生，
du -i haha hehe udu qouha dain -i jobolon yamji qimari isinjire be sambi seme, elemangga umesi lashalara be dele obuhabi,	都中男女虽知兵戈之祸在于旦夕，反以决断为上策。
nikan serengge, enqu haqin -i gurun kai,	诸申、蒙古，乃相同之国，
godos, jalait nadan taijisa darhan taiji -i juse de sain niyalma tuqibufi elqin takvrafi,	选精明者出使郭尔罗斯、扎贲特七台吉及达尔汉台吉之子处，
abkai buhe zun hvwa, yung ping, luwan jeu, qiyan an be tuwakiya seme, emu nirui ilata bayara, orita uksin, neneheqi ambula qouha be unggifi,	蒙天眷佑，克其坚城，尽斩其所号天下之雄兵于各地。
asan feye bahafi ahvn deu fakqafi genere de, adahai be mungtan amqanafi niyamniyame dosire de, adahai ishun jurqeme dosifi mungtan be saqime tuhebufi elekei buqehe,	阿山被创，兄弟离散。时孟坦追射阿达海，阿达海迎战，砍孟坦坠马，几乎殒命，
orin nadan de, jang giya keu de takvraha kvrqan baksi, ui jaisang, loxo sei emgi	二十七日，随同先前遣往张家口之库尔禅巴克什、卫斋桑、罗硕等
heqen -i dorgi irgen ambula burgiha,	城内居民惊恐大乱。
xanggiyan muxuri juwe tanggv, xanggiyan boso duin tanggv, nonggihangge juwe tanggv, fulgiyan baso ilan tanggv, yaqin baso ilan tanggv,	白高丽夏布二百、白布四百又增加二百、红布三百、青布三百、
gvsin de, hoxoi erke qin wang, doroi yoto beile, jergi qi lakqaha ujui gung yangguri efu, juleri qouhiyan gurun -i wang be kame jifi, tulergi goloi dame jihe qouha be gidafi, baha tu kiru loho gida beri sirdan miyouqan be faidafi, morin be gvsa gvsai faidame jafafi enduringge han de tuwabuha,	三十日，和硕豫亲王、多罗贝勒岳托、超品一等公杨古利额驸，先来围朝鲜国王，败其外道来援之兵，将所获纛、旗、刀、枪、弓、箭及鸟枪悉行陈列，马匹按旗排列，献圣汗阅。
heqen -i dorgi yaya hafasa qouhai niyalma, suwe yuyume katame buqere anggala, futa -i wasime jiu,	“城内一应官兵，尔等与其饥困而死，不如缒城来降，
amasi jidere de bata musei niyalma be boxome gajire de, geli dosifi tuqibuhe,	又倡先击敌。归时，见敌兵追我兵，即往救出。
amba koro ere nadan,	我之大恨，有此七件，
uyun duka be kadalara wang taigiyan, qa yuwan emke, fujiyang ilan, canjiyang juwe, xeubei emke, tung pan emke, doron jafaha hafan juwan juwe, hv bu juwe bihe,	管九门之王太监、察院一员、副将三员、参将二员、守备一员、通判一员、掌印官十二员、户部官二员。
aba qouha de, mini hese be tuwame yabu sehe.	凡遇随猎从征，着候旨行。”
han, beise hebdeme gisurefi,	至是，汗与诸贝勒商议，
ere be bithei yamun -i jang ing kui sambi,	此事，文馆张应魁知之。
tanggv bouqi fusihvn juwan bouqi wesihun juxen oqi, juwan morin juwan ihan, tanggv honin bumbi,	若所隶诸申在百户以下、十户以上，则给马十、牛十、羊一百。
be yan, dade jung giyvn bihe,	“白彦，尔原系中军，
dalingho de pou gaiha emu mudan, geren -i afaha emu mudan, ere juwe mudan de niru be gaifi afaha,	于大凌河之役，夺炮一次，与众人攻战一次。该两次均率牛录战之。
pou miyouqin sindame, aga labsan -i gese gabtame afahai, musei gabtara de nikan dosorakv arkan seme axxafi burulaha,	于是，营兵推战车近敌，纵马兵发矢冲击，明兵仍不动。
amasi jime dung ging de isinjiha manggi, han de deji tuqibufi gajire sain hehe be, i gaimbi sere jakade, yoto taiji hendume,	此其二也。
juwan jakvn de, hoxoi sure qin wang de amba nadan waliyara de, geren hoxoi qin wang, doroi giyvn wang, gvsai beise se, bithe qouhai geren hafasa genefi dorolome waliyaha.	十八日，大祭，和硕颖亲王、诸和硕亲王、多罗郡王、固山贝子及文武官员俱往祭奠。
duin morin baha,	获马四。
emu hafan be jafaha,	擒官一员，
adai -i gvsai laihv tatan de tehe inenggi, gandu nirui emu niyalma be faquhvn yabubufi wabuhabi,	阿岱旗下赖虎于驻营之日，纵甘都牛录下一人乱行，致其被杀。
uju jergi tuqike morin de orin kiyan dambagu, tereqi ilhi ilhi eberembume juwanqi jergi dubei morin de juwan kiyan dambagu buhe,	第一名赏烟二十刀，以下依次递减，至第十名赏烟十刀。
kouli selgiyere yamun -i aliha bithei da hife, narhvn yamun -i aliha bithei da fan wen qeng, tukiyehe niyalma enggedei donjifi,	谓岂有此例，莫非匪人捏造谣言，奏闻圣汗。
tereqi han, beise, suwayan qaqari de tehe,	诸蒙古贝勒及我汗、诸贝勒拜天，行三跪九叩礼。
sunjaqi debtelin wesihun erdemungge -i suqungga aniya ilan biya	第五册崇德元年三月
emu xusai be bahafi, hoton -i ejen douli, qouhai hafasa, geren irgen be daha sere bithe jafabufi unggihe,	获一生员，令持书往谕驻城道员、军官及庶民降。
si ainara,	尔亦无可奈何。
orin emu de, wasimbuha bithei gisun,	二十一日，颁书谕云，
jalan niru de yaburakv niyalma, amala tutafi yaburengge be gemu jafa seme henduhe.	凡不随甲喇、牛录行走及逗留于后者，悉行执之。”
juwan nadan de, isinjiha lousa xongkoro baturu emu tanggv orin uksin be gaifi, nikan -i jasei i jeu -i ebergi be dosifi duin nikan bahafi, ilan nikan be waha,	十七日，劳萨硕翁科罗巴图鲁至。该员率甲兵一百二十人，进明界义州以内地方，获汉人四，杀其三，
wang zi deng serebuhe de ergen gukumbi kai,	王子登一旦被发现，则性命不保矣。
hehe hafan niyakvrame alime gaifi, gamafi dergi ashan -i ijishvn fujin de alibume bure de, fujin niyakvrame alime gaifi,	女官跪受之，奉献于东宫侧福晋淑妃。福晋跪受，
uju jergi de mafuta nirui tukiu de juwe hehe, emu sargan jui, gvsin seke, emu morin, juwe ihan, dabixakv etuku emke, orin moqin,	列为一等者：马富塔牛录下图球妇女二、幼女一、貂皮三十、马一、牛二、齐肩衣一、毛青布二十；
tere gvniha be gemu onggofi bahara de dosifi, beyebe ergembume ainu tatan de teqefi saburakv,	何顿忘初衷而一味贪得，苟且偷安不出行营耶。
suje nure gingneme dobofi gingguleme dorolome weqehe,	捧举帛酒，敬谨致祭。
tere anggala, julgeqi ebsi wesike, wasika ai kouli,	且自古以来，或兴或衰，
gasha be ni gidaha turgun,	噶斯哈叙功缘由：
hafasa de haha holbofi alban waliyaha seme, geren hafasa genggiyen elhe bou -i hvwa de dosifi, enduringge han de ilan jergi niyakvrafi uyun jergi hengkilehe.	各员，均连丁免徭。至是，众官员入清宁宫院内谢恩，行三跪九叩礼。
sain niyalma be beise qi faksalafi bi dahabuhau,	或见有贤能之人即令彼离其贝勒而从我乎。
aqaha doro be nikan geli efulerahv seme nikan be tuwakiyame tehebi dere,	诚恐明人又败我和好，故留兵防明耳。
fusihvn wesihun oburengge, gemu abkai qiha kai,	或贵或贱，皆天意也。
amasi isinjiha manggi, sini emgi genehe emu getuken amban be mejige alanjime unggi,	着梅勒章京李世忠、满洲大臣四员、蒙古大臣一员守城，
jai gvsai beise se, geren ambasa be jergi bodome gemu iqi ergi de tebufi qai omibuha,	诸固山贝子、众大臣俱依次坐右侧，赐茶。
han -i galai aisin -i hvntahan de arki bufi, sunja suje xangnaha,	汗亲以金卮赐酒，赏缎五。
ishun aniya niyaneiha tuqire onggolo, qahar de qouha fideme tuqimbi,	勿劳其余众骗马之力。
ere duin weile -i turgunde gvsai ejen nakabuha, hafan efulehe, ninggun tanggv yan -i weile gaiha, olji gaiha.	以此四罪，罢固山额真任，革其职，罚银六百两，夺其俘获。
niyalmai mujilen de inu aqarakv,	若变脸以恶言报我，必遭天谴，
yali de ambula dousi, neneme emgeri xi fang si’ de tarhvn bigan -i ulgiyan wafi benjihekv jekengge, tereqi geli dousi biu,	又，尔甚贪肉，前于十方寺杀肥野猪，不进而食，贪婪更有甚于此者乎。
bithe de henduhe gisun,	书云：
dashvwan ergi jarut -i baha olji, niyalma ilan tanggv gvsin ilan, ihan ninggun tanggv jakvnju nadan, honin emu minggan ilan tanggv,	左翼扎鲁特部俘获人三百三十三、牛六百八十七、羊一千三百；
aqara jalin tere yamji toktobume gisurefi, juwan jakvn -i qimari aqara de, han -i ebuhe ing qi emu ba -i dubede qaqari qafi han, beise qaqari be duleme okdofi iliha,	是夕，议定相见之礼。十八日晨，相见时，设行幄于御营一里外。汗及诸贝勒于行幄前立马以待，
bi miusihon jalingga oqi, amaga niyalma minqi geli jalingga miusihon ningge inu bi,	若臣邪佞，后人亦有更甚于臣之邪佞者，
suwe gene seme henduhe,	请尔等归去。
aqaqi gurun hvdun jirgambi,	和则国民速受其福，
ping r’ang de werihe qouha xadaha morin dorgi tulergi sula monggoso be saikan baiqame bargiyafi, doroi elehun beile sini emgi gajime jiu,	其留平壤之兵丁，羸弱马匹及内外闲散蒙古，当详加查验，由尔多罗安平贝勒携之来。
anai be, dalingho de iliha, jang douli de biyaluha seme tanggv xusiha tantaha,	阿鼐于大凌河之役，遇敌不出击，战张道台兵时又退缩，拟鞭责一百。
elqin juwe niyalma de nadan moqin buhe.	赐使者二人毛青布七。
ineku juwan juwe de, ginggun ijishvn wang, gvnin ijishvn wang, bodohonggo ijishvn wang qouha genembi seme jihe ildun de,	十二日，恭顺王、怀顺王、智顺王因出师入见，
tabqin genere de, fung xun qi unege baksi monggo -i qouha be morin turga, jai hoton de geli ai kemun seme bederebuhe bihe,	往略时，因巴克什乌讷格兵及蒙古兵马匹羸瘦，且城中需防不测，故令之还。
beki qouhai meiren -i janggin yungxun, ini gvsai xanggiyan holo -i kalka, afuni -i kalka, ere juwe kalka isibuhakv turgunde, tanggv xusiha tantara jalin de tanggv yan, weile -i juwe tanggv yan gaiha,	博奇超哈梅勒章京永顺，因其旗下尚间豁洛及阿福尼二人未携至盾，拟鞭一百，罚银百两折赎，另罚银二百两。
elqin jime jaka de mederi de genehe bihe, tuttu goidame tebuhe, gvwa umai akv.	使臣来时，适逢出海，是以久留，别无他事。”
suweleme genehe kubuhe fulgiyan -i narsai nirui hvsiri bithesi jafafi, fafun de alafi duileqi yargiyan ofi, doulan be tanggv xusiha tantafi xan oforo tokoho,	为前往搜索之镶红旗纳尔赛牛录下笔帖式胡西里拿获，告法司审实，道兰鞭一百、贯耳鼻、
suwe mini gisun be inu seme gvnifi beyei teile jiqi, tubai hafan be kemuni hafan, bai niyalma be kemuni bai niyalma,	尔等倘以我言为是，不论只身来归者或在彼为官者，仍令为官；为庶人者，仍令为庶人，
fan iugi de uji seme buhe,	内有生员一人、男丁七十二名、妇女十七口，获马二、牛二十四、驴二十一，
tede geren ambasa hebdefi jabume, emgeri hanqi jihe be dahame, baising de genefi nikan de dosifi umesi amba weile be mutebume yabuqi sain kai seme jabuha,	于是，诸臣集议，答曰：“此来已近明境，即赴拜兴地方，复入明境，以图大事为善也。”
suwe holtoqi, suweni qiha dere,	尔若有诈，则听尔便。
tere damu birai wargi be kiqeme, mini aisin wehei gese gisun be taxan obufi, wargi dubei bithe qouhai hafasai ambula be sarkv tuttu kai,	彼唯图河西，以我金石之言为虚，不知西地文武官员众多，
simbe juleri duin wei de uhereme sindahangge ai tusa,	授尔为前四卫总，何益哉。
tereqi gvwa weile ya be hendure,	余不胜枚举。
janggin -i gebu onggoi, unggadai, dalai, janggvtai, harabudai, bodo, bambuhai, noirtu,	呼毕勒图之四百家，编为八牛录，章京姓名：道图、巴勒噶苏、布对、土图海、巴珠、托阔库、翁安、特博里呼；
tere nikan be cui ing xi -i takvraha turgun,	崔应时遣汉人来报称：
gurun -i gege, hoxoi gege, doroi gege -i dahaha hehesi, yaya wang ni duka de ume ebure,	固伦格格、和硕格格、多罗格格之随侍妇人等至各王府门，无须下马，
te han -i jasihangge gosire xumin,	明廷遣官诱捕，臣已明知。
han de aqara de aldangga emu jergi hengkilehe,	遥拜一次，
doroi elehun beile de tusa arame aisilame, ujen ginggun mujilen be jafafi, ne banjire gurun de maktabume, amaga jalan de saixabume, hehe niyalmai mergen doro be akvmbu,	务持庄敬之心，辅助多罗安平贝勒。如是，则今人称颂，后世褒扬。当恪尽妇道，
tere ba -i monggo burulafi nikan -i jasei xurgei hoton de dosikabi seme alanjiha manggi,	该处蒙古人已逃入明境内杀虎口城等语。
mini amba weile efujembi seme gvnihakv bihe,	我之大事，未曾料其败也。
argina nirui hontoho janggin,	阿尔济纳系半个牛录章京，
abka gereme, sure han, geren beise ambasa be gaifi tangse de genefi, abka de ilan jergi niyakvrafi uyun jergi hengkilehe,	黎明，天聪汗率众贝勒大臣，诣堂子拜天，行三跪九叩礼。
amala biyaluhakv bade baha feye de bumbi,	视其之后未退缩时所中之伤赏之。
han amha de dorolohakv turgunde mimbe wasibuha,	因失礼于汗岳父，故见疏。
meni ba babe dailahangge, meni ba babe dailahangge, buyeme dailahangge waka,	我征讨各地，并非好战，
dashvwan ergi duin gvsade zung bing guwan hergen -i asan, jebele ergi duin gvsade canjiyang hergen -i lousa, beiguwan hergen -i tumsi be ejen arafi,	是日，命每牛录遣护军一名，
han -i iqi ergi de hvng baturu be tebuhe,	汗命洪巴图鲁坐于右，
iqe jakvn de, warka de qouba genehe ambasa be yabuha sain ebe be ilgafi, yabuha sain olji ambula baha seme xangname buhengge,	初八日，甄别出征瓦尔喀诸将功过。赏戮力行间，多所俘获者：
orin uyun de, emu xeubei tehe ma lan keu heqen be dahabuha,	二十九日，招降明守备驻守之马兰口城。
tere uthai gvwa bithei dorgi gisun kai,	是即别书之言也。
pan giya keu be dahabufi heqen -i ejen gin iu guwang, geren guquse be gajime han de hengkileme jihe,	招降潘家口，其城主金有光率众来叩见汗。时汗曰：
tere anggala, genehe emu niyalmai ergen ai hairan,	况去者一人之命，何惜哉。
ere uyun,	九也。
terei etuhe elbihe jibqa, foloho umiyesun, beri jebele be minde buhe,	麻总兵官之子率二人自蓟州来探，尽杀之，
tere inenggi, huhu hoton -i geren lama vmbu, han de aqanjiha,	是日，归化城喇嘛乌木布来见汗，
han -i gosime ujire de, be boude tefi, aibide bahafi baili isibure seme gvniha bihe,	“汗心如天，宥我应杀之身，加以豢养。
baitalara unde ofi hafan -i jurgan de mujilen bahabukv obuki seme gamaha be, jeku ku -i hafan qifun -i hafan gisurere jakade nakaha,	未见录用，又欲用为吏部启心郎，为管库官、收税官告揭乃止。
emu morin feye baha,	一马伤，
tede fujiyang mungtan, efujehe fujiyang tumburu, beiguwan doboi, gori hiya gaibuha,	两蓝旗兵临城下，下马步战，逼敌兵入壕，立于壕内之兵与城上之兵发炮射矢，两蓝旗兵乃退。
juwan de, hoton qi yafahan moringga qouha sunja tanggv isime tuqike be, kubuhe suwayan -i gvsai ejen darhan efu, jakvnju niyalma be gaifi, uthai gidafi, da de sunja niyalma be waha,	获马二十四。
jai ihan -i adun daliha beise ambasa wafi jeqi, balai ume wara,	至于管理牛群之贝勒大臣等，若杀而食之，亦勿滥杀，
uheri jakvn inenggi uleburengge buhe,	共拨给八日饲料。
jou seqi nakaki,	若不获准则罢。
lo ting de sikse gvsin de takvraha luwan jeu -i j’ijeu hafan nakaki sembi,	昨日，即三十日，遣往乐亭之滦州知州欲辞其职，
te -i juse be tuwaqi, hvdai ba be xurdeme hokorakv yabumbi,	观今之子弟，唯知游逛市井，
fosori nirui hontoho janggin,	佛索里系半个牛录章京，
juwe gurun udu bata dain ofi, juwe jeyen aqame fuyenume afara dain -i dulimba de elqin takvraha seme, takvraha elqin be waha doro biu,	即两国已成仇敌、兵刃相接之际，遣使来，亦无杀使者之理。
damu abka sakini,	唯天鉴之。
qegen -i gvsin bou, sonom -i tofohon bou be kamqibufi emu niru, janggin -i gebu tabuljin,	古穆八十家，以其五十家编为一牛录，章京姓名：宝达噶；
juwan niyalma be gaifi nikan de hvlhame genefi, nikan -i susai niyalma be uqarafi gidaha,	率十人袭击明兵，遇明兵五十人，击败之，
kubuhe xanggiyan -i kulu be guwebuhe turgun,	镶白旗库鲁免赏缘由：
te nikan be sini jasei dolo olhon de halburakv oqi, nikan be halburakv seme, wang deu sini bithe, i jeu de tere irgen, tuwakiyara qouha jiqi, meni qouha uthai waliyafi jikini,	今若拒绝明人入尔境内陆地，则王弟尔遣兵民赍尔拒绝明人入境之书来守义州。若遣兵民来守义州，我兵即行撤还。
dai yuwan amargi monggo bime aisin -i abkai fejergi be gaihabi,	大元乃北方蒙古而有金之天下，
dalingho hoton qi tuqike qouha be jai mudan dosika de jalan qi juleri dosika,	第二次战大凌河出城之兵时，先于甲喇进击。
beidere jurgan -i aliha amban souhai, langkiu, dorji efu, g’au hvng jung, meng kiyou fang,	刑部承政索海、郎球、多尔济额驸、高鸿中、孟乔芳，
qouha genehe beile se gashvme aqafi amasi bedereme jidere de, emu halai niyalma be sini banjiha deu seme holtome unggihe,	出征诸贝勒结盟已毕班师时，尔遣一同姓之人，诡称胞弟，
beye jiki seme gvnimbi,	意欲亲来，
tere hoton de baha ejehe boigon juxen gemu minde buhe,	于该城所获敕书、户口、诸申，尽赐之。
tere sarin de gungju -i jafaha ton, aisin -i dongmo emke, aisin -i qara emke, aisin -i tampin emke, hvba -i erihe emke, niquhe -i erihe emke, nomin -i erihe emke, xuru -i erihe emke,	玉素珠一、珍珠衫一、蟒缎二、妆缎二、龙缎衣三、倭缎衣二、三包袱氆氇三九、
gulu fulgiyan -i hai jeu de tehe fudai, liyeliyehun.	正红旗驻海州之人富岱、列列珲，
jai urehe jeku ume jetere, arki nure ume omire, ume jetere ume omire serengge, neneme musei genehe fonde balai jeke be safi, te gemu okto sindahabi sere,	再者，勿食熟粮，勿得饮酒，盖因前次出征时，见我军滥食情形，今闻皆已下药也。
gvsin yan menggun xangnaha,	赐银三十两。
mergen fujin, gurun -i hehe -i durun kai,	智贤福晋，乃国中闺范，
ombo -i orin bou, ergehei -i juwan ilan bou, sabu -i juwan nadan bou, ese emu niru, janggin -i gebu buduru,	鄂木布之二十家、额尔格黑之十三家、萨布之十七家，合编为一牛录，章京姓名：布都鲁；
han seule.	孙应时奉汗命答曰：
inggvldai, kvrqan, dahai, lungsi, sonin, muqengge be okdobufi gajiha,	庚午年七月初五日来报，四哥、五哥遣其伯父之子堂兄刘兴沛、千总一人及跟役二人前来。
wargi golo kokiraha efujehe be dahame, hvdaxaqi mutere dursun akv seme, hvdaxaki sehe gisun de lak seme aqabuhakv,	西路既已残破，视其情势，不堪贸易，故而未敢即应开市之请，
esei jergi baturu be, jai samhatu baturu be, jai yaya heqen de ujulame tafuka temgetulehe baturu sabe, gvwa heqen de ume afabure,	前已有旨，此等猛士与各城先登超众之勇士等，勿令再攻他城。
damu jingji mujilen -i abkai fejergi niyalmai baru inu emu mujilen,	但以诚心待天下之人，
kubuhe fulgiyan obondoi, minggan beile, kubuhe lamun -i ing ni qouhai teile julesi dosime,	城内之祖总兵官即率兵出城来攻南台。
ere gesengge julge te de akvngge kai,	此等情形，古今所未有也。
be tuqifi jidere de inggvldai, mafuta juwe amban -i buhe gurun -i bithe fempilehengge alimbaharakv akdun,	我等临行时，英古尔岱、马富塔二臣付以国书，封之甚固。
oboni de menggun orin yan,	鄂博尼银二十两；
uttu henduqi, geli jiderakv oqi, suweni aja, sargan, deu, juse be emke funqeburakv gemu wambi,	若如此言之，仍不来归，则尔等之母及妻子兄弟，无一留存，尽行诛之。
tai kadalara cui janggin, u ging dou be nimehe seme dere dasafi nure gamafi omire de, u ging dou jetere jeku akv sere jakade, cui janggin sain nure juwe malu, juwe sejen -i jeku be ini hojihon be benebuhe,	管台之崔章京，以吴景道有疾，治备酒宴，邀其宴饮，时吴景道声称家中已无食粮，崔章京即遣其婿往送美酒二瓶、食粮二车。
kubuhe xanggiyan -i gabsihiyan qouha be ubai gaifi, gi jeu -i jugvn de zu -i monggo -i emu minggan qouha dobori aqafi yarume, turgei, suna efu de isibufi emgi gidaha,	乌拜率镶白旗先锋兵，往蓟州途中夜遇祖部蒙古兵一千，诱至图尔格依、苏纳额驸处，合兵击败之。
turgei, suna efu, ubai gi jeu de zu -i qouha monggo -i teile emu minggan be gidaha,	图尔格依、苏纳额驸、乌拜在蓟州击败祖部蒙古兵一千，
jai nendehe han -i eifu, han -i mafari eifu de, fe an -i iten sindambi,	祭太祖列宗陵寝照旧用小牛。
tereqi nikan kiyou be douburakv afara jakade, geli julergi pu be efulefi duka de afanjiha manggi,	其后，因明兵阻击过桥，复毁南堡，攻至城门时。
sonin se jabume,	索尼等答曰：
nadan morin baha,	获马七。
susai hehe, orin morin, juwan jakvn ihan, usan -i morin be hahafi gajiha seme, jai jergi jalan -i janggin be uju jergi jalan -i janggin obuha,	获妇女五十口、马二十、牛十八，并得兀山之马以归。因擢二等甲喇章京为一等甲喇章京，
tumen hafan be tob seme obure, geren irgen be gosime ujire oqi, inenggidari han teki seme gisurehe seme abka wakalarakv,	果能正百官，抚养万民，即终日说当皇帝，天亦不见怪；
fuka nirui janggin jai emu hontoho,	福喀系一个半牛录章京，
sarin -i doroi geren beise susai nadan morin, sunja temen jafaha bihe,	诸贝勒以筵宴礼，进马五十七、驼五，
tere inenggi, sitangga, ubahai, musei ukanju be fargame genefi qahar -i karun sunja monggo be uqarafi gemu waha,	是日，西唐阿、乌巴海往追我逃人，遇察哈尔哨探蒙古人五名，俱杀之，
ereqi amasi uttu ainame ainame oqi ojorakv, niyengniyeri karu bithe be gamarakv de aibi,	彼等未携春季答书而去，何碍之有。
tere inenggi kubuhe lamun -i naige nirui tungse, ini sargan -i danqan hvda jihe sibe -i niyalma be kutule jafabufi gajihabi,	是日，镶蓝旗奈格牛录下佟色执一来其岳母家贸易之锡伯人携至，拟收养之。
baturu giyvn wang be beging ni xurdeme uheri juwan hoton gaifi, baha ulin be sejen de tebufi, emu inenggi tofohon ba orin ba yabume, zun hvwa -i teisu isinjihabi, tuqire inenggi be sarkv seme alanjiha.	“武英郡王等共克北京周围十城，载所获财物于车，日行十五至二十里，已至遵化一带，尚不知其出边日期。”
sirtai, niyahan, laisun, jangsiba, ere duin niyalma be ninggun aniya te seme amasi unggihe,	遣席尔泰、尼雅汉、赖荪、张十八等四人还，仍驻六年。
tere inenggi, zun hvwa qi qouha gidaha medehe alanjiha,	是日，自遵化来报败敌消息。
juwan emu de, han geren beise ambasa be gaifi abkai han -i sourin de weqehe, weqeme wajiha manggi, han amba sourin de tehe,	十一日，汗率诸贝勒大臣祭上帝神位毕，汗即大位。
tuttu gingguleme dorolome dobome wajiha manggi, weqere bithe be dorolon -i jurgan -i mujilen bahabukv kiqungge, abka -i sourin -i juleri niyakvrafi hvlaha,	供献行礼毕，礼部启心郎祁充格跪于上帝神位前读祝文。
ineku tere inenggi, simiyan -i heqen de emu gvsai emte amban be weri, tereqi bisire ambasa qouhai niyalma be orin duin de juranu seme dahai baksi be takvrafi unggihe.	是日，遣巴克什达海往谕曰：“命每旗留大臣一员守沈阳城，其余诸臣、军士务于二十四日启程。”
ere ilan elqin de kunesun ilan honin buhe.	并赐三使臣羊三，用作行粮。
kubuhe fulgiyan de goiha fujiyang sun ding liyou de susai haha, canjiyang duwan hiyo lii de tofohon haha, iugi tu yeng kiyan de juwan haha, liu u yuwan de juwan haha,	分隶镶红旗副将孙定辽名下男丁五十人、参将段学礼名下男丁十五人、游击涂应乾名下男丁十人、刘武元名下男丁十人；
suwe inu unenggi tondoi gisure,	尔等亦真诚言之。
hailun duin tanggv gvsin, suje nadanju uyun,	水獭皮四百三十、缎七十九。
tere inenggi, dalingho de takvraha gisun,	如是，则士卒均不畏死，愿效死于尔诸将之前也。”
aisin juwan yan, niquhe juwan yan, tasha yarha -i sukv juwan, lekerhi hailun -i sukv orin,	银壶一，银人杯一，玉杯二，
han -i hese, auhan naiman -i beise barin -i beise jarut -i beise, de unggihe,	初九日，致敖汉、奈曼、巴林、扎鲁特诸贝勒书曰：
tere niyalma de juwan yan menggun xangnaha.	赏彼银十两。
tese de unggihe bithei gisun,	至甜水站后，送与彼等一只羊。”谕毕遣之。
jai ninggun ihan, juwan honin -i yali,	又以六牛、十羊之肉及四壶酒具宴以献。
orin ilan de, kitanggor dabagan ehe ofi, han, juwe amba beile dabafi deduhe,	二十三日，因奇汤果尔岭险峻，汗与
suweni takvraha gisun be tuwame bi jabufi unggire,	据尔等之言，我再遣人致复。
geli hendume,	又云：
amala niyalma jafafi fonjiqi, dehi isime buqehe sere,	明兵溃败获其坠壕者十七人，杀之。
iugi hendume,	城内游击韩栋率从者一人偕张卫至。
tereqi enduringge han goidame tefi, genggiyen elhe boude wesike,	圣汗恭坐良久，始还清宁宫。
menggun -i moro emke, suje juwe, moqin juwan buhe.	银碗一、缎二、毛青布十。
ere giyansi -i gajiha nikan -i bithe be uthai unggihebi.	奸细携至之汉文书，即行遗往。
morin feye baha,	所乘马伤。
jurgan be ulhitele taqibure, deu jui -i gese gosire oqi,	若能晓之以理，爱之如子弟，
amba pengduwan juwan, quse juwan, ajige pengduwan juwan,	大缎五、大彭缎十、绸十、小彭缎十、
ere uheri nadan tanggv susai bou, juwan duin niru,	以上共七百五十家，十四牛录。
foloho jebele de beri niru sisihai, foloho loho emke, juwe suje, orin moqin, orin kiyan dambagu buhe,	插有弓箭雕花撒袋、镂花腰刀一、缎二、毛青布二十、烟二十刀。
gvsin ningguqi debtelin sure han -i sunjaqi aniya ilan biyaqi duin biyade isinahabi	不纳，悉却之。
tuttu oqi, meni qouhai morin ulebure ba be si jori sehe manggi, solho -i amban ilata duite tanggv boui ilan gaxan be joriha,	“夫若然，尔当指与我饲秣军马之地。”朝鲜大臣遂指与三屯，每屯约三四百户。
mini ujire ujirakv be suweni donjihakv aibi,	因我善养人，故人皆归附耳。
xi san xan qi ebsi, orin emu tai be efulehe,	并毁十三山以东台站二十一处，
tesei isinanggala dashvwan galai gulu lamun -i beile ajige taiji isinafi, alin be kafi, ninju niyalma be gemu wahabi,	尚未到彼，左翼正蓝旗贝勒及台吉阿济格先至并围山，尽斩其六十人，
jai xurdeme heqen de mejige gaiqi, qouha ajige ajige nonggimbi sembi,	侦探环城消息，闻其兵略有增加等语。
abka geli xahvrun edun dame, amba aga agame, qoko erin qi agahangge, indahvn erinde galaka,	遂以大捷竖纛鸣螺，汗率诸贝勒及领兵大臣拜天，行三跪九叩礼。
enduringge han deyere funghvwang ni leuse de jirgaha biqi, tolgin de gurun -i ejen fujin -i emgi xun dekdere baru geneqi, emu yamun bi,	圣汗御翔凤楼安寝，梦偕国君福晋东行，遇一衙门，
kitat taiji -i alban benjihe morin juwe, kutule juwe,	奇塔特台吉贡马二、跟役二人。
meni onggolo tung yuwan pu de tehe asan se donjifi, bata -i songko be bahafi fargame genehebi,	驻通远堡阿山等先于我等闻讯，即蹑迹追击。
qouhiyan gurun abka -i gosime buhe liyoudung ni ba -i niyalma be, daiming de obume bolire elbire, ini bade tebufi bele jeku bume, daiming de aisilame mimbe jing kiqere jakade,	朝鲜国乃为大明招诱，将上天赐我之辽东人民，留居其地，给以粮米，时常助明图我。
sunja honin be gaiha,	纳其五羊。
ese be juwe ergi de gala arame tebufi, duin ihan juwan ninggun honin wafi sarilaha,	礼毕，命坐于右。复命班迪、内齐、根杜尔、桑图、色特尔、达尔汉巴图鲁、额登等
u jeng gebungge niyalma xusai seme tuqike,	吴正因系秀才离差，
han hendume, uttu iqihiyara be somime, yaka monggo de benefi gerqilehe de jursu weile arambi.	汗曰：“如此办理，倘有隐匿或送于蒙古者，被举发时，加重治罪。”
ini gvsai ambasa qi fusihvn gemu sorson subuhe,	其本旗大臣以下亦命摘缨，
agesa aikabade hengkileki serahv,	“两兄出，恐欲叩谢。
abkai gamarangge gojime, minde daljakv,	天为之耳，与我何干。
jang douli -i suqungga kuren de muqengge -i sirame ilaqi jergi de dosifi beye juwe feye baha,	战张道台兵前队，随穆成格第三个冲入敌阵，身伤两处，
yala tere buyehe de aqabufi juwe gurun hvwaliyaka de, wang zi deng buqeqi inu jou,	诚合其愿，则两国修好，王子登虽死无憾，
suwe unenggi aqaki seqi, elqin takvra,	尔等诚欲和好，即遣使来。
tere inengg lo wen iui -i xeubei lii si’ lii dahame, alban -i ulin -i ton -i bithe gajime hengkileme jihe,	是日，罗文峪守备李思礼赍官库册籍来降，
ere uyun amban -i emgi tuqime dosime yabukini sehe.	着同此九人出入办事。
neneme xi fujiyang jihe de, zung bing guwan aqaki sehe bihe,	凡总兵官所欲之言将悉以告之。
jurqeqi wara weile.	违者论死。
lang wei weile -i jalin de sun de gung be gajifi fonjiqi, sun de gung bi sarkv sehe,	以郎位一案，传询孙得功，孙得功声言不知。
juwan ninggun de, oqir taiji de deji benjihe doroi han, beise yamun de isafi, qahar -i han be ehe, sure han de nikefi banjiki seme jifi, qahar han de qouha genefi niyalma waha, olji baha seme oqir hoxouqi seme gebu buhe,	十六日，汗与诸贝勒集于殿，鄂齐尔台吉因察哈尔汗不道，来投天聪汗，往征察哈尔，杀人并有俘获来献，赐号鄂齐尔和硕齐，
bi inu fujiyang ohobi,	仁兄今已晋为副将，
amba jui lii you, qiuwan jeu heqen de burulame genehe,	长子李耀遁往全州城。
juwe beile buhe etuku etume julergi leuse de genehe manggi, han, degelei taiji, jirgalang taiji, lungsi, kvrqan, dahai be hvlafi	两贝勒遂服所赐衣出，行至南楼下。汗谕德格类台吉、济尔哈朗台吉及龙什、库尔禅、达海等曰：
yaya weilengge taijisa, jasak -i taijisa -i gisun be gaijarakv oqi, sure han de wesimbumbi,	若索取大盗而不与，纵之脱逃，则如数罚窝主马百、驼十。
tere inenggi, jakvn gvsai jakvn niyalma sonin baksi be, simiyan de takvraha bithei gisun,	官员各赐马一。
dain oqi, yaya gurun gemu jobombi,	夫构兵则均受苦难，
amargiqi emu niyalma amqame jifi baime hendume, enduringge han ejen de, sure qin wang ihan emken gaji seme baimbi,	有一人自后追至，请曰： “颖亲王乞圣汗赐牛一”。
tede beile jili banjifi, amai qoqo si mimbe ainu xukilambi seme loho be homhon qi emu to isime tuqibuhe,	贝勒怒，曰：“爹个鸟，尔为何拳殴我耶。”遂拔刀出鞘有一扎长，
orin ilan de, jakvn gvsai nikan bithe taqibure xusai,	二十三日，八旗教习汉文生员：
tere inenggi, kvrqan baksi, ui jaisang, loxo nadan bithe be de xeng pu -i hafan de benehe,	是日，库尔禅巴克什、卫斋桑、罗硕执书七函送往德胜堡，
iqe jakvn de, gegen han -i hoton qi jurafi gvsin ba -i dubede julergi alin de deduhe,	初八日，自格根汗城启行，至城南三十里外山上驻营。
bou hvwa be tuwa sindahakv,	亦未焚其庐舍。
nikan de qouha fideme tuqire de, gvsai tanggvta qouha tuqimbi sehe bihe,	“汗谕土谢图汗：
mimbe qanggi ainu bakqin arafi gisurembi,	何独与我为敌耶。
lang wei menggun gaimbi seme, be lama, bou janggin, g’au janggin de sun de gung alaha yargiyan ofi,	郎位受贿一事，孙得功告于白喇嘛、鲍章京、高章京者是实。
ineku orin ninggun de, ming gurun -i ginjeu, ning yuwan -i golo, de qouha genehe hoxoi mergen qin wang, hoxoi erke qin wang qouha bederefi, i jeu -i golo be tuqifi jimbi seme kiqungge, subai mejige alanjime isinjiha.	尔多罗武英郡王、多罗饶余贝勒可率我梅勒章京以上及阵获各官，先至所约相见之处。”
gaihakv gemu bederebuhe.	以娶妻礼，献马八、驮甲胄马一、驼一，
gaxan -i boxokv,. gaxan -i fu efujehe babe dasarakv, hvlha be baiqarakv oqi, simbe hvlhai emde suwaliyambi,	如管堡拨什库有不修葺堡中倒塌之墙垣、不稽察盗贼者，则与贼同罪。
emken juwe tutafi waburahv,	恐遣一二人被杀也。
musei qouha jihe be saha,	彼等已获悉我军出征，
orin emu de, aru -i tai baturu beile isinjiha.	仍给还达尔玛迪。”
qorji -i juktehen -i abjinan de, miratu goulin goul, tourin goul de emu biyai kunesun, gvsai susai niyalma karun tuqimbi,	是日，西界哨卡敖汉部都棱庙之乌兰哈达迤东之二喀儿占、齐嫩河之霍尔呼、
tofohon de, tusiyetu han de emu morin de hokton -i xulihun burgiyen enggemu, foloho hadala kvdarhan tohohoi,	十五日，赐土谢图汗暖木尖头漆鞍、玲珑辔鞘马一、
giran be tuqibuhe seme han mimbe saixaha,	因夺回死尸，蒙汗嘉之。
han hese wasimbume, jurgan de afabuha ambasa bahanarakv sarkvngge ambula bi,	汗谕曰：“部臣未谙练者甚多，
zung bing guwan man gui, sun zu xeu, fujiyang canjiyang iugi gvsin funqeme, qiyanzung bazung be toloqi wajirakv gemu waha,	阵斩明总兵官满桂、孙祖寿、副将、参将、游击三十余人，千总、把总无数。
lokida de gequheri goksi emke, suje -i qamqi fakvri, xempi hafiraha gvlha de wase jibsihai, furdehe akv kamtu mahala emke,	罗奇达，蟒缎无肩朝衣一、缎长袄裤、加袜夹缝绿斜皮靴、无毛毡帽一、
olji gaiha.	夺其俘获。
giyamqan de lambai -i emgi helen jafame genefi, emu uksilehe niyalma be jafaha,	与拉木拜同往碱厂捉生，擒披甲人一。
si ume olhoro,	尔勿惊惧。
niruha enggemu hadala tohohoi morin emte,	绘鞍辔马一、
uyun se qi nikan bithe taqifi, manju bithe nikan bithe de ambula xu bihe,	自太祖至天聪六年，撰拟致明及朝鲜文院之书札，
simbe gosime kundulehe han ama urihe be donjihai, beyei gese juse ambasa be ainu unggihekv,	优遇尔之汗父升遐，尔既闻知，为何不遣亲信大臣子弟来吊。
qara aniya dung ging ni mafari miyou de weqeme gene seme abai age, babuhai be unggihe bihe,	前年遣阿拜阿哥与巴布海同往东京致祭祖庙，
tere be musei ajige taiji, xoto age gidafi qouha be waha,	选四千兵，由明副将二员及参将、游击六七员率领，于翌日晨来战。
beise -i boui ulgiyan udara niyalma hvda maktame bufi ergeleme gaiha de, tuhere an -i weile,	诸贝勒家人有强行买猪者，照例治罪。
beile amtalafi manggvltai beile de bufi omiha,	大贝勒稍饮后，转与莽古尔泰贝勒饮毕，
xan tokombi,	刺耳，
te jeqen -i amban ulame benjihe bithe be tuwafi sesulame goloho,	“今阅边臣转递之书，甚是惊讶。
emu eshen bihe,	巴都里，升半个备御为全备御之缘由：
giyaban gvlha de wase jibsihai emte juru, ginqihiyan hitha -i umiyesun de fungku fadu hvwaitahai emte, sekiyeku boro de amba sorson,	带衬袜股子皮靴一双、系手帕并荷包亮甲叶腰带一、大缨凉帽；
terei jalin ai jobolon waka baharahv seme jailandumbi,	恐遭祸患，相率趋避，
juwe biyade isinjiha bithe,	二月接来书内称：
gisun gaijarakvqi, enen hvnqihin be lashalame wambi seme, gisurerakv,	倘或不听，亲族诛灭，故不敢言。”
fiyanggv -i gvsai lolo, jase tuqike manggi, ini jalan -i mangkv nirui emu niyalma nimeme buqehe be baiqahakv ofi sahakvbi,	费扬古旗下罗洛，出边后，本队所属莽库牛录下一人病故，因未查察，不知此事。
ere ubabe amban niyalma si genggiyen -i bodofi, mini gisun be wesihun hvwangdi de isibufi doro aqame wajiqi, yaya ba -i niyalma, simbe ginggulere be ai hendure.	望大人熟计之，以我之言闻达贵皇帝。倘和事成，无疑两国人民皆敬重尔也。”
han -i takvraha gvnin be tese majige jurqehekv dahara jakade, han -i mujilen tese be dailaqi qihakv ohongge, unenggi jurgan be bahanafi amba weile be mutebure gvnin kai,	汗遣人宣谕，彼不少违，速行依允，汗遂不愿加兵与彼等，此乃诚合于义，克成大业之志也。
bithei da sa ambula ferguweme, kouli be sarkv ofi suqungga doro de ihan wame weqehekv ofi, han qohome ere tolgin de bitubuhabi kai seme,	诸大学士甚奇之，议曰： “前以不知其制，初祭时未尝用牛，汗特梦见也。”
kubuhe lamun -i liu yang sing, wang xi siuwan,	镶蓝旗刘养性、王世选，
aisin gurun -i han hendume,	金国汗谕曰：
meiren -i janggin, bayarai tui janggin de kiru ninggun, fulgiyan mahala etuhe ye bu xeu juwe,	梅勒章京、护军纛章京，小旗六、红帽夜捕手二人；
ambasai gisun akv julesi genere de, jafu, jibqa aqime gaiha niyalmai olji faitambi,	若不奉诸大臣之令，擅自前往驮载毡裘者，即夺其所俘。
uksin saqa de aisin ijume emke, foloho enggemu hadala emke, jebele dashvwan emke, moqin samsu juwan, dambagu orin kiyan, suje emke,	镀金盔甲一、雕鞍辔一、撒袋弓套一、毛青布十、烟二十刀、缎一，
unggihe bithei gisun, manju gurun -i han -i bithe, yuwan amba niyalma de unggihe,	曰：“满洲国汗致书袁大人：
ilan niyalma be jafafi beile de benehe,	执三人来献贝勒。
labatai -i emu tanggv bou, juwe niru, janggin -i gebu okidei, jisukei,	拜珲岱一百家，编为二牛录，章京姓名：乌拉岱、巴颜岱；
han -i bithe be tuwaqi, ini weile ujen ohobi,	“观汗来书，其罪重哉，
silun -i dahv juwe, silun sukv ilan, niuhe sukv juwe, dobihi orin juwe, hailun nadan, seke duin tanggv juwan ninggun, ulhu juwe minggan sunja tanggv, elbihe juwan nadan,	猞猁狲皮端罩二、猞猁狲皮三、狼皮二、狐皮二十二、水獭皮七、貂皮四百十六、灰鼠皮二千五百、貉皮十七。
han, beise wesihun wasihvn amasi julesi dailame yabufi, atanggi amba weile be muteki sembi,	圣汗与诸贝勒转战四方，欲于何时成大事，
jodoho ajige moqin samsu susai, solho -i moqin samsu emu tanggv, solho -i xanggiyan narhvn muwa boso emu tanggv, hiya sese juwe sefere,	织制小毛青布五十、朝鲜毛青布一百、朝鲜细粗白布一百、金丝线二束、
iqe ilan de, han, ini boude mergen daiqing ni amha emhe be sarilame gajire anagan de,	初三日，汗乘召墨尔根戴青之岳父岳母来其家赐宴之便，
ta da, te de, ja je, ya ye fakqan akv,	塔达、特德、扎哲、雅叶无所区别，
suwe gisun be jurqeme aba abalafi, morin turgalafi qouha komso yabuqi, ai yangse seme aqame gajiha deji jeku be halbuhakv.	然尔违谕，用以畋猎，致马匹羸瘠，来兵减少，成何体统。”其来朝所进糗粮尽却之。
tofohon de, manggvltai beile, mergen daiqing, erke qvhur, dudu taiji, houge taiji ilan minggan qouha gaifi, tung jeu bira -i dogon doure babe tuwaname karun gidame gene seme unggihe,	十五日，遣贝勒莽古尔泰、墨尔根戴青、额尔克楚虎尔、台吉杜度、台吉豪格统兵三千人，赴通州河查视渡口处兼捕哨卒。
han, bayara qouha be unggifi, dusi’ wang yan zu be weihun jafafi gajiha,	汗出阅掘壕之地，坐城南山岗，见近百马兵出城，追我樵采之人而来。
sanggan -i emu tanggv bou, juwe niru,	桑安一百家，编为二牛录，
esebe gemu enduringge han hanqi takvrxambi.	此三人皆为圣汗近侍。
juwan ninggun de, han -i sargan gaijara doroi beise -i benjihengge,	十六日，以汗纳福晋礼，诸贝勒进礼。
tereqi geren ing be aliyafi, gemu uksilebufi, han, beise -i beye gaifi feksifi, dolot gurun -i dorji hatan baturu feye bahafi burulame tuqike,	俟大军至，悉行披甲。汗与诸贝勒率军驰击之，多罗特部多尔济哈坦巴图鲁被伤遁走，
menggun -i dongmo emke, dobihi dahv emke, dambagu orin kiyan, bandu bele juwe sin, dabsun emu sin, fon fiyan, ulme tonggo, qai omire moro ilan,	银茶筒一、狐皮端罩一、烟二十刀、稻米二金斗、盐一金斗、胭脂、针线、茶碗三，
solho -i wang lii zung hendume,	朝鲜王李倧曰：
endehe be umai sarkv ehe -i turgunde aniyai doroi benjire jaka be nonggime gaji seme deribuhe,	因尔等不知过愆，故始令增纳岁礼，
ineku orin nadan de, fakv de tehe kvtuktu lama -i bederehe be tuwanabuha qagan lama, biliktu nangsu isinjiha.	是日，奉命往吊法库呼图克图喇嘛之察汉喇嘛、毕礼克图囊苏还。
bi simbe jikini seme holtome enqu tebumbi seme gisurefi, jime wajiha manggi, aifufi gurun -i dolo dosimbuqi, bi simbe holtoqi ombidere,	我若以给地别居为词诱尔来降，尔来后又负约，收为我民，我可欺尔，
ereqi amasi yaya iqe tubihe, iqe jeku bahaqi, kouli ilibume neneme dobonofi jeki sehe.	是日，遣额勒肯劳金等八人并跟役八人，拨给库银千两，往边门贸易。
jou bithe hvlafi irgen be taqibuha,	宣读诏书，教诲人民，
jai gurun irgen daharangge inu akv,	他国人民亦无复来归者矣。
niyalma be holtoqi ombi dere,	人固可欺，
xuxu nirui janggin,	舒舒系牛录章京，
tere niyalma de jafu bithe arafi kiru jafabufi, amasi tere inenggi takvrafi unggihe bithei gisun,	给之，于当日遣还。其札付云，
orin de, isut gurun -i guyeng hoxouqi dehi ilan niyalma be gaifi han de hengkileme jihe.	二十日，伊苏特部古英和硕齐率四十三人来叩见汗。
erei turgunde xangnaha.	故此赏之。
damu juwan aniya oho dain qouha be emu qimari andande sindaki seqi, udu ambula hvsutulehe seme, ilan duin niyalmai alime gaiqi ojorongge waka, ilan juwe gisun de wajirengge waka,	唯十载军旅，欲一旦罢之，虽奋力为之，亦非三四人所能承担及三言两语所能了结者也。
aikabade qouha irgen de jobolon ohode, bithei niyalmai bithei gisureme dalimbiu,	倘军民罹祸，文人岂能操书中之言以相救乎，
abkai hese be alifi forgon be mukdembuhe, gurun -i ten be fukjin ilibuha, ferguwequke gungge gosin hiyouxungga horonggo enduringge han ama -i hvturingga munggan -i enduri sourin -i juleri	“于承天广运圣德神功肇纪立极仁孝武圣汗父福陵神位前：
yaya beise ambasa, meni meni gvsai hvsai hvsun tusa buhe guquse be joboqi, beyei joboho gese yasai muke tuheme gosime gvniqina,	凡贝勒诸臣，当以本旗效力之人之劳苦为念，恻然怜悯。
ini han -i wesimbume unggihe bithe be weijeng lama jafafi geren be gaifi niyakvraha manggi, monggo -i bithei da hife alime gaifi, enduringge han -i juleri niyakvrafi hvlaha,	卫征喇嘛捧其汗奏疏率众跪。蒙古大学士希福受之，跪读于圣汗前。
tereqi bata jai dasame latunjiha manggi, geren be gaifi gidara de, juleri dosifi gidaha,	及敌兵复至，率众军迎战时，彼仍倡先击敌，败之，
qouha emu tanggv orin sunja.	设兵一百二十五看守。”
tereqi funqehe be olji araha.	余俱为奴。
han hese wasimbume, fungnere doroi jaka be bene sehe manggi, gurun -i ejen fujin be fungnere qe, doron be, dere -i ninggude hashv ergide qe, iqi ergide doron sindafi,	圣汗降旨：“着进封赠礼物。”遂将封赠国君福晋册文、玉玺陈于案上，册文置左，玉玺置右，
nikan -i hafan dousi oshon ofi, amban emu jili de wafi, abkai fejergi xeri uju be bolgo obuha,	敢有二心，天即鉴之。
abka weqehe bithe,	祭天图
marame julesi wang ging ni baru yabu seme, laba bileri fulgiyeme qouha uthai juraka,	令向王京进发，遂吹喇叭、喷呐启行。
ere sunja niyalma, turusi, lousa juleri jifi dahabuha monggo -i nadan muqen, niuhe sukv emke, dobihi juwan durime gaiha be monggo alanjifi, dalafi durihe dodo, baisai be waha,	五人，夺取图鲁什、劳萨前行招服蒙古人之锅七、狼皮一、狐皮十，为蒙古人告发。多铎、拜赛为首犯，杀之；
meihe erinde na -i tukiyehe duka be tuqifi juwan ba -i dubede amba sarin sarilafi, dorolome fudefi bederehe,	于巳刻出地载门，至十里外大宴。礼送已毕，还宫。
turgei -i gvsai ilden, qang ping ni hoton de emu kalka isibuhakv turgunde, jakvnju xusiha -i jalin de jakvnju yan, susai yan -i weile, uheri emu tanggv gvsin yan -i weile gaiha.	图尔格依旗下伊尔登，攻昌平城时，未曾携至一盾，拟鞭八十，罚银八十两折赎，另罚五十两，共罚银一百三十两。
dergiqi takvraha ambasa hiyasai dosire tuqire be neneme wasimbuha bithe de toktobuhabi.	至钦差大臣、侍卫等出入，前已颁书制定矣。”
enduringge han, beile be tuwaname genefi majige tehe biqi,	萨哈廉贝勒薨，汗悲恸不已。
han -i hese, darhan baturu de unggihe,	初四日，致蒙古达尔汉巴图鲁书云：
suwe ereqi amasi yaya yaka ba faxxame kiqeme yabuqi, han de sain seme alafi hafan wesibure.	曰：“嗣后，尔等无论于何地，凡能勤力勉为，即荐之于汗，擢升为官。”
neqin foloho touhan -i umiyesun de fungku fadu hvwaitahai emte, giyaban gvlha de wase jibsihai emte juru, suje emte, suje -i hvsihan emte, moqin nadata,	系手帕荷包平雕带板腰带一、加袜股子皮靴一双、缎裙一、毛青布七、
suwe aqaki seqi, bi ojorakv dain ofi mini niyalma wabuqi, suweni warangge waka, miningge be bi warangge kai,	尔若欲和好而我不从，致起兵端，我民被诛，则非尔诛之，乃我自诛者也。
wesibun gurun tere be jing gisurerengge, gvnin inu kiqembi kai,	贵国常念及此事，可见其意甚笃。
tere inenggi, jalait gurun -i minggandari beile, sonom taiji, sereng taiji, uheri susai duin guqu be gajime han -i qouha genefi jihe doroi hengkileme jihe,	是日，扎责特部明安达里贝勒、索诺木台吉、色棱台吉共率从者五十四人，以汗旋师前来朝贺。
guru de sahalqa seke juwan buhe,	古鲁黑貂皮十；
qilin de afafi juwe feye baha seme emu niyalma buhe,	于铁岭之役，中伤二处，赐一人。
neneme jalan akv be ume gaijara seme xajilahangge, ere inu emu kouli kai.	昔禁乱伦婚娶者，亦此例也。”
suwe gaisu,	至用何计取之，
horon be algimbure duka, erdemu -i elbire duka, enteheme goro elhe obure duka, wembuhe be algimbure duka, goroki be toktobure duka seme bithe arafi han de tuwabure jakade,	扬威门、昭德门、永安门、兴化门、定远门，进呈御览。
tuhere an -i weile gaiha,	依律罚赎。
ongniyot -i dureng giyvn wang ni nadan tanggv bou, juwan duin niru, janggin -i gebu batu, badarahv, haisakv, dongqong, xajindara, qoi, qoiskeb, genggene, garma, bakin, bahai, arana, bahvndai, ebugen,	翁牛特部杜棱郡王之七百家，编为十四牛录，章京姓名：巴图、巴达喇虎、海萨库、冬崇、沙金达喇、绰依、绰依斯克布、庚格讷、嘎尔玛、巴钦、巴海、阿喇纳、巴珲岱、额布根；
hoxoi mergen qin wang, hoxoi erke qin wang, hoxoi fafungga qin wang, hoxoi mutebure qin wang,	召和硕睿亲王、和硕豫亲王、和硕肃亲王、和硕成亲王，
sansi qin jin ba -i emu genggiyen niyalma, tolgin de sini aisin -i beyebe sabufi aqaki sembi,	山西秦晋地方一明士，梦中欲得见尔金身，
hinggan qi aqaha de, tesei yaya emu gvsai hvdai menggun tumen yan qi wesihun funqehe de, gulugudei si tumet -i ujui amban -i fejergi niyalma be ini menggun -i ejen be gamame,	若于兴安相遇，彼等每旗所剩价银在万两之上，则古鲁古德依携土默特部为首大臣之属下人及其银主
kubuhe lamun -i baduri, gulu xanggiyan -i asan, kubuhe xanggiyan -i singne,	镶蓝旗巴都里、正白旗阿山、镶白旗星讷，
donggor beyei nirui janggin -i gebu,	东果尔本牛录章京姓名：
si aqambi seme yabumbime, emdubei ibeme heqen hoton dasarangge,	尔一面遣使议和，一面急修城垣。
taizu, taiheu -i enduri sourin de ineku sahaliyan ihan honin wafi,	太祖、太后神位前仍刑乌牛、乌羊，
te -i lama sabe holo seqi aqambi,	今之喇嘛，当称为妄人，
bi mini etuhe dobihi qabi jibqa, sahaliyan dobihi mahala, aisin -i umiyesun, sujei gvlha unggihe bihe,	我曾以我所服之狐欣皮袄、黑狐帽、金腰带、缎靴赐之也。
yung ping, dalingho -i nikan hafasa be beiguwan qi fusihvn, xeubei dusi’ qi wesihun, dorolon -i jurgan be sarila seme sarilabuha.	其永平、大凌河备御以下，守备、都司以上各汉官，命礼部宴之。
tere inenggi yengtu de deduhe,	是日，驻跸营图。
daiming gurun jase -i tulergi meni emu gisun -i yehe gebungge bade yehe gurun de dafi, qouha tuwakiyame tefi, membe waki seme kiqere be,	而明国助边外与我语言相通之叶赫部，遣兵驻守，图谋害我。
gebu yang xu be, jeu xang wen, qiu zi min, u zi i, qen xang de, lo siyan yung, iui iu, lii zi g’au, lo qou siyang, lo tiyan qeng.	其名为杨汝伯、周尚文、邱子民、武子义、陈尚德、罗宪永、于有、李子高、罗超群、罗天成。
tere hengkilere de, han -i juwe ashan de juwe niyalma ilifi, emu niyalma, tenteke beile, tenteke amban, aniya se baha seme geren be gaifi hengkilembi seme hvlaha manggi, emu hafan niyakvra hengkile seme hvlara be tuwame hengkilehe,	行礼时，汗之两侧有二人侍立，一人鸣赞：“某贝勒某大臣率众行礼，庆贺元旦。”一官员赞叩拜，众即拜之。
tofohon de, elqin jihe liu hing pei, juwe qiyanzung genehe,	我双方果能践盟，忠以相处，天地佑之，俾克永寿。”
abka na be hvlame buqehe kai,	彼有何辜，
fujiyang lii guwe han tu -i ejen, fujiyang sun de gung tere qouhai ejen, ere juwe fujiyang de gvsita yan menggun xangnaha,	纛额真副将李国翰、守军主帅副将孙得功二人，各赏银三十两；
juwan de, bithe qouhai nikan hafasa de taqibume henduhe gisun,	初十日，谕汉文武各官曰：
ilaqi de korqin -i bingtu wang ni muhaliyan, duin niyalma waha,	第三，科尔沁部冰图王下穆哈连，斩四人；
agv gebungge bade amqanafi, mouminggan -i ujulafi genehe duin beile be waha,	追至阿古地方，斩茂明安倡首叛逃贝勒四人，
morin emte, beyei morin emte, duin kutule de beise -i morin emte yalubufi, ede burkan, ulai, haningga, yasita be ejen arafi, guwangning ni ergi de helen jafame unggihe,	各给马一匹，自备马一匹；士卒四人，各给贝勒之马一匹。命布尔坎、乌赖、哈宁阿、雅西塔为首，遣往广宁一带捉生。
gvsai beise se aqame wajiha manggi, gvsai ejen baintu age, yeqen, asan, turgei, darhan efu, yekxu, tantai, samsika, siran siran -i ibefi emu jergi niyakvrafi hengkilefi buhi be tebeliyeme aqaha,	诸固山贝子见毕，固山额真拜音图阿哥、叶臣、阿山、图尔格依、达尔汉额驸、叶克舒、谭泰、萨木什喀依次进前，行一跪一叩礼，抱膝见。
ineku orin jakvn de, juleri solho -i wang be kame genehe hoxoi erke qin wang ni takvraha mujilen bahabukv kiqungge,	是日，前遣往围朝鲜王之和硕豫亲王遣启心郎祁充格
tere juwe nofi durihekv, bi emhun dosifi duka durime gaiha,	二人未得，彼独自攻取城门，
musei gurun -i xajin, sini han ama -i gisun be funiyehe gese jurqeqi ojorakv kai,	“我国法度，尔汗父之言丝毫不可违也。
wang ni galai hiyan dabufi dere de sisifi ini hafasa be gaifi ilan jergi niyakvrafi uyun jergi hengkilehe,	礼毕，王入府内，立于西侧。
etuhe etuku be, yaluha morin be monggoso uqarafi durihe seme, emu ehe etuku gvwa -i morin be emke taka baifi yalufi jifi,	衣服、马匹尽为蒙古掠去，遂衣着褴褛，暂借他人马匹乘之而归。
orin nadan de, yuwan du tang ni qouha musei gidafi funqehengge, heqen -i xun dekdere julergi hoxo de ing hadafi jase jafafi bi seme afaname genefi, qouha faidafi hanqi ibebufi ilibuha,	二十七日，闻我军击败后残余之袁都堂军于城东南隅安营扎寨，即令我兵往攻。命兵列阵，逼近而营。
weqehe bithei gisun,	圣汗谕令文武首辅大臣至福陵神位前燃香灯，供献各色果品，酹酒祭奠，敬谨致祭。
jehei honjin erei kutule ilan,	哲赫浑津贡其跟役三人。
tere fonde mini gvnin be bahafi dubemburakv, weile be bahafi waqihiyarakv, ele beye gebu juwe gemu efujeqi, udu banjiqibe inu buqehe gese kai,	彼时，臣志不得遂，事不能终，身败名裂，虽生犹死矣。
mama -i medege selgiyefi biqi, musei eshun beise, monggo -i eshun beise be bederebuqi antaka,	倘遇时行痘疾，可令我未出痘之诸贝勒及蒙古未出痘之诸贝勒还，何如。
tere inenggi, kvrqan baksi, ui jaisang emu gvsai sunjata bayara be gaifi, de xeng pu -i duka de benehe bithei medege be fonjinafi jihe.	是日，库尔禅巴克什、卫斋桑率每旗护军五人往德胜堡城门，询问彼复书消息毕而还。
nikan -i iui lin -i ba -i wang fujiyang, han -i hoton qi emhun ukame jihe,	汉人玉林之王副将孤身自京城逃来。
qahar han, kalka be efulefi gamafi, beise -i dele juxen niyalma be daruga sindara,	察哈尔汗破喀尔喀，私分诸贝勒之诸申人等，
amin beile, munggatu be fonjibume, abkai kesi de, han, beise amba nikan gurun be dailame genefi, sain -i yabuhau seme fonjire jakade,	贝勒阿敏令孟阿图问曰：“仰承天恩，汗及诸贝勒往征大明国，往来安宁无恙乎。”
hvsibu -i gvsai qoktu, qang ping ni hoton de kalka isibuhakv, siuwan fu -i qouha be gvsai ejen -i emgi gidaha be emhun gidaha seme holtome bithe unggihe,	胡希布旗下绰克图，攻昌平城时，未携至盾；又，本与固山额真合兵击败宣府敌军，竟赍书诈称独自击败之。
tere heqen de morin majige teyebume indefi, gvsin de julesi dosifi, du tang ni tehe zun hvwa heqen -i amala iliha.	入该城驻营歇马。三十日前进，至都堂所驻遵化城北而营。”
ere ejen oihorilaqi ojorakv,	此君不可慢。
beyei yaluha duin sain morin buqehe,	所乘良马四均毙阵前。
han morin be tuwafi qoktu taiji -i ilan morin be gaiha,	汗览毕，纳绰克图台吉马三，
gvwa morin be karaqin geli ambula jafahabi,	余马多为喀喇沁部人所获。
buya bithesi burhai, jengkune, liu guwang deu de orita yan menggun xangnaha,	奉圣汗谕旨，赐户部参政马远龙、董国荫、任明世各狰猞猁狲皮端罩一；兵部参政郎绍正貂镶皮袄、猞猁狲皮端罩；
ere giyansi gajiha bithe, gin iugi, xi gyun de unggihe bihe,	该奸细所携书，乃金游击致石军者，
elqin be waqi wakini,	杀尔使者，
gutei tabunang be gaiha de, bata -i juwan niyalma nukqime genere be amqanafi emu niyalma be saqime waha,	征古特依塔布囊时，见敌十人突围，追之，斩一人。
uheri uyunju jakvn angga,	共计九十八口。
nikan -i du yuwanxuwai kung iu de, zung bing guwan geng jung ming, zung bing guwan xang k’o hi sebe gung ilgafi,	分叙汉军都元帅孔有德、总兵官耿仲明、总兵官尚可喜等功，
baihvlai be, jang douli de biyaluha seme tanggv xusiha tuhebufi menggun gaiha,	拜胡赖战张道台兵时退缩，拟鞭一百，准以银折赎。
dahaha irgen -i aika jaka nungnere, tariha usin be fehutere, maise ulebure, faquhvn yabuqi, gaifi genehe jalan -i ejen janggin de weile,	倘有侵掠降民诸物，践踏田禾，以麦秣马，恣意妄行者，则治其为首甲喇额真及章京之罪。
tofohon de, julgetu de indehe.	十五日，驻跸珠勒格图。
hvturingga munggan de weqere de, hengkilere doro inu ere songko.	祭福陵典礼亦如此。
dondohoi, tai baturu, toktohoi, laisa, dusg’ar, ere sunja de emte gequheri, nadata moqin,	敦多惠、台巴图鲁、托克托惠、赖萨、杜斯格尔五人，各蟒缎一、毛青布七；
buqehe niyalmai grran be soha seme ai tusa,	彼等岂因抛撒骸骨而于九泉之下有所痛楚耶。
han, ini hvwaliyasun gosin jurgan be, dalingho qi iqe gajiha hafasa inu tuwakini,	乃汗欲以和睦仁爱之养，俾大凌河新降各官观之。
bayan beile, juwe xanggiyan, gulu lamun, monggo -i ilan gvsa, tumet -i nadan gvsa, xui si keu be dosime jidere de, jase dukai ninggude bata iliha be, tumet -i yafahan, suna efu -i karaqin -i yafahan be, ubai, nomuntu be kadalame dosimbu seme afabufi, tere be gidaha,	饶余贝勒率二白旗、正蓝旗、蒙古三旗、土默特七旗入碎石口而来时，见敌兵营于边门之上，遂命乌拜、诺门图督率土默特步兵及苏纳额驸所属喀喇沁步兵往攻，败之。
nikan han -i beye nan ging de burulaha de, tere gebu antaka,	明帝遁往南京，其声名如何。
amba gebu be gaifi amba sourin de tehe,	圣汗既受尊号，正大位，
jai oqi, amba gebu be toktobuki sere giyan bihe kai,	疏于此，不可不谓王之大错也。
asan, ilaqi jergi fujiyang be yung ping ni hoton be hvlhame gaiha turgunde, ilaqi jergi zung bing guwan obuha.	身被创二处，是以擢升。
aisin ijuha menggun -i tampin juwe, aisin ijuha menggun -i jakvn enduri hvntahan juwe, bai menggun -i hvntahan duin.	献汗各色缎一百、各色衣服八及
be biqibe abkai gamara dube be donjime tere dabala,	汗曾致书谕我等云，勿妄张声势，唯祈天以待等语。
orin juwe de, solho qi emu hafan, emu tungse, uheri juwan ninggun niyalma elqin jihe seme inggvldai alanjiha.	二十二日，英古尔岱来报：“朝鲜遣官一员及通事一人，共使者十六人至。”
ineku juwan ilan de, dalingho de dahaha hafasa de ejehe bithe buhe.	是日，赐大凌河归附各官敕书。
jase tuqire de hahana -i emgi ashan de bihe be, tui janggin muqengge -i emgi bihe seme holtoho,	出边时本与哈哈纳行于一侧，竟诳言与纛章京穆成格同行。
eiten narhvn bithe, hafasa be wesibuhe wasibuha dangse, geren -i wesimbuhe bithe be aqabume dasafi suduri arambi,	一切机密文移，官员升降文册及诸臣奏章，汇纂史书；
jirgalang beile de orin ilan morin, ilan temen, sahaliyen beile de juwan nadan morin, juwe temen buhebi,	进济尔哈朗贝勒马二十三、驼三，萨哈廉贝勒马十七、驼二。
meni geren goloi beise ambasa be takvrafi, wang de uhei hebdeki seme unggihe,	遣我各部贝勒大臣与王共议。
zu -i niyamangga niyalma be asaraha bihe,	祖之亲属概行羁留，
han de aqara de, aldangga emu jergi hengkilehe,	见汗时，遥拜一次，
qekqemu -i guqu dasamu, basatai, kitat, sonom, ere duin niyalma de suje -i monggorokv sindame xanggiyan samsu -i sijigiyan emte, lamun -i gahari fakvri emte,	车克车木之从者达萨木、巴萨太、奇塔特、索诺木四人，各蟒缎镶白蓝布袍一、蓝布衫裤一；
hasi xatan emu xoro, janquhvn usiha emu moro, bandu bele emu sin, ufa emu sin, dabsun emu sin, nure emu malu, arki emu malu,	柿饼一筐、栗子一金斗、粳米一金斗、面一金斗、盐一金斗、黄酒一大瓶、烧酒一大瓶。
dureng giyvn wang ni onoi be niyalma waha feye baha seme juwe morin buhe,	杜棱郡王下鄂诺依，因杀人受伤，赏马二。
ineku juwan duin de, juleri unggihe doroi yoto beile, ping r’ang ni hoton de isinafi medege fonjiqi, enduringge han -i qouha jidere be donjifi, horon algin be aliqi ojorakv, ping r’ang ni du tang burulame genehebi seme barang medege alanjiha.	是日，前遣之多罗贝勒岳托遣巴朗前来报信，言兵至平壤，探知平壤都堂闻圣汗军至，知军威不能敌，业已遁去等语。
tun de hoton heqen biu,	我诚欲攻取岛屿，当毛文龙与我盟誓天地，而后负盟，擒我之使者献其帝时，攻其岛屿，不能得乎，
suduri yamun -i ashan -i bithei da loxo, bithesi jasuka mejige alanjime isinjiha,	国史院学士罗硕、笔帖式扎苏喀前来报信，
tanaka, yalai, buxuku, tuyantu, holohoi, holo, wenje, dumbai, tunggoi, maltu, lii ming, sakqa, dung ting yuwan, bordoi, tabixan -i jui yahai, karun -i yemji,	塔纳喀、雅赖、布舒库、土延图、何洛惠、和洛、温哲、杜木拜、佟贵、马尔图、李明、萨克察、董廷远、博尔堆、塔毕善之子雅海、哨探叶木济、
neneme karun genehe asan, lousa, tumsi be hvlafi aisin -i hvntahan de arki tebufi han -i galai buhe,	次赐蒙古诸贝勒饮。
te mini jihengge inu doroi jalin aqara babe ambula gvnime jihe,	今我之来，亦为和好，
manju gurun -i sure han -i karaqin de takvraha elqin be, qahar -i dolot gurun juwe jergi tosofi waha manggi,	满洲国天聪汗遣往喀喇沁使臣，为察哈尔多罗特部两次截杀。
agvn -i ahvn deu de hendufi nukte be wargi baru nukteme guri,	务转谕阿衮兄弟，向西移营。
dashvwan ergi biyaluqi, dubei jalan be gaifi dosika seme iugi obuha.	见左翼退缩，杨率末甲喇进战，故擢为游击。
ere mudan qouha genefi siuwan fu de doro aqafi jihe,	恐不能与妻子相见，故如此耶。
han enqu aisin -i hvntahan de omiha,	汗另以金盅自饮。
iui zi jang tai, ma giya hv tai, qen hing pu tai, ere ilan tai be pou sindame gaiha,	以炮攻于子章台及马家湖台、陈兴堡等三台，尽克之。
ilduqi -i baha olji juwe tanggv gvsin emu niyalma, susai juwe eihen, ilan tanggv dehi ihan, sunja tanggv honin, uheri emu minggan emu tanggv orin emu.	伊勒都齐俘获人二百三十一、驴五十二、牛三百四十、羊五百，共一千一百二十一。
dondob -i nirui janggin -i gebu,	端多布所属牛录章京姓名：
qahar mini heqen de isinjire mujanggau,	察哈尔能至我城下乎，
orin ilan de, siu yan de tehe giyamsun, karun -i tatan -i ejen haida, ilan nikan be bahafi benjihe.	二十三日，驻守岫岩之嘉木孙、哨探队首海达获三汉人送来。
aisin gurun -i han -i bithe, daiming gurun -i yuwan amba niyalma de unggihe,	“金国汗致书大明国袁大人：
tuqifi aika weile oqi, bi darakv,	出而有事，我不救援，
wang zi deng, si dade sele urebure wei guwan bihe,	“王子登，尔原系监督冶铁之卫官。
alaha niyalma inu oqi, yabuhakv niyalma be waki seme dere fularafi jili banjime hendufi morilaha,	若告者实，则诛其不听差遣者。”怒形于色，上马。
suweni qouha be jidere ayou seme alime bikai,	正欲俟尔援兵来也。
amban -i ilan weile -i jalin olhome generakv babe sarkv kai,	臣之惧而不敢往者有三事，谅汗不知也。
zang jung giyvn -i emu qiyanzung,	臧中军下千总一员、
emu morin sunja ihan nadan -eihen baha.	往攻城西五里外大路之台，尽杀其人，
ilan biyai iqe de, heqen de werihe amin beile, degelei taiji, neneme jihe yoto taiji, houge taiji,	三月初一日，留城驻守之贝勒阿敏、台吉德格类及先还之台吉岳托、台吉豪格，
gemu han, beise -i juleri dain -i bade ainame bahafi sabubume hvsun bure seme gvnihakv biheu,	岂未思有一日当汗及诸贝勒面于阵前尽忠效力乎。
emu haqin ilan hvwaxan nikan be du diyei bithe arahakv gidafi ini boude aha obuha,	一件，有汉僧三人，未写度牒，隐匿其家中为奴；
juwan morin, foloho enggemu hadala ilan, yarha -i soforo enggemu emke, niruha enggemu emke, wehe nimaha enggemu sunja,	马十匹，备有雕鞍辔三、豹皮坐鞍一、画鞍一、石鱼皮鞍五，
jai sini harangga ba -i hafasa be kemuni kadala,	坚固城池。
ere ilan weile -i turgunde hoihoqi be wame beidefi, enduringge han de wesimbure jakade,	以此三款，拟惠霍齐死罪，入奏圣汗。
iqi ergi hehe hafan de alibume bufi, hehe hafan niyakvrafi alime gaifi juwe galai wesihun tukiyeme jafafi fu r’in de alibuha,	夫人跪受之，授与左侧女官，女官跪受之，横向东立。
sure han -i duiqi aniya duin biyai iqe juwe.	我能夺之乎。”
tofohon morin baha.	获马十五匹。
geren gemu ibembi,	众皆进前。
juxen gaiha.	罢固山额真职，
han, orin emu de jirgalang beile, houge beile de ninggun tanggv qouha be afabufi, tere gutei tabunang be gaisu seme unggire de,	即于二十一日，汗命贝勒济尔哈朗、豪格率兵六百，往取古特依塔布囊时。
jugvn jugvn -i durinume uthai bata dain ombikai,	其势必各相抢夺，即为仇敌也。
han qouha bargiyaqi ojorakv ofi, ini beye niru -i gabtara, loho -i saqire arkan seme bargiyafi, afara ing ni qouha sejen kalka be juleri faidabuha,	随后我追敌之军还，天晴。
han -i iqi ergi de amba beile, hashv ergi de manggvltai beile, juwe beile -i tere besergen be hetu sindafi hetu forome tehe,	汗两旁横设二榻，右侧为大贝勒，左侧为莽古尔泰贝勒，两贝勒横向而坐。
erinqin jinong ni eme de sahalqa seke juwan,	额林钦济浓母黑貂皮十；
tere be bi amqafi mederi tun be ninggun ba funqeme douha, ukanju be gemu waha, gamaha uju be baha seme han de alara jakade, han sain sefi baha olji be gemu buhe,	绰霍诺追之，渡海岛六里余，尽斩其逃人，得获逃人携去之首级。奏闻于汗，汗嘉之，以其所获尽与之也。
bi jihe weile be muteburakv bederembiu,	我既来此，岂事不成即退耶。
muse juwe gurun daqi hanqi adame tefi baili bisire dabala, koroqun akv bihe,	夫我两国本属邻邦，有恩无怨。
nikan jase tuqike de wambi, juxen jase dosika de wambi seme gashvfi tondoi banjire de,	汉人出边者诛之，诸申入边者诛之等语。既盟之后，忠正自守。
orin sunja de naiman -i hvng baturu abang hoxouqi, duin juse -i darhan joriktu -i qonong guyeng medege alanjime isinjiha.	二十五日，奈曼部洪巴图鲁属下阿邦和硕齐及四子部落达尔汉卓里克图属下绰浓古英前来报信。
inu taxaraha.	亦属失误。
dahame jihe seme ineku hergen buhe,	念前来归降，乃仍授原职。
julge qinggis han -i jui qagandai, fufungge huwesi -i suhai mou be meileme xusiha arame hendume,	昔成吉思汗之子察干岱，以锯刀削柳为鞭，曰：
hoton be efulehe,	毁其城，
uthai jihe elqin -i emgi hebexefi, irgen be jeqen de hvda gene seme unggimbi,	即与来使商议，遣民赴边贸易，
obondoi -i emgi dosifi emu niyalma be saqime tuhebufi tu gaiha,	与鄂本堆并进，砍倒一人并夺得纛，
jiyanggiyvn unenggi minde ofi uhei hvsun -i amaga inenggi abkai fejergi be mutebuqi, bayan wesihun be inu alin birai gese enteheme kai,	茔，欲与我共谋，齐心图明，同享富贵，故屡遣杨成孝、郑德前来，我知之不胜欣喜。
terei sirame tulergi goloi qahar gurun -i efu ejei, korqin -i kitat nakqu, sanggarjai nakqu ini monggo -i beise ambasa be gaifi urgun -i doroi biyou bithe wesimbure de, monggo -i hvlara hafan faida seme hvlaha manggi faidaha,	赞跪赞叩，固伦额驸额哲依奉表文跪于前，诸贝勒大臣依次跪于后。
aika hafan ekiyehun ba biqi, jai baitalara,	待出官缺，复录用之。
haisa taiji juwe morin,	达西进貂皮端罩一、驼一、马七，
sunja morin jafaha bihe,	进马五。
juwan emu de amasi unggime, lii gi qiuwan de xeubei hergen, fe jeu tung hergen -i jang wen siu be wesibufi, j’ijeu hergen bufi unggihe,	十一日遣之还，乃令李继全仍为守备。升原州同张文秀为知州，遣之还。
dagvr -i nirui janggin -i gebu,	达古尔所属牛录章京姓名：
ejei efu de foloho enggemu tohohoi juwe morin, uksin aqihai juwe morin buhe,	赐额哲依额驸雕鞍马二、驮甲胄马二，
ilan morin baha,	向北京进兵时，在三河杀三人，
kubuhe lamun -i lolo, kamqiha, yandai, qeni gvsai teile enquleme gaiha hoton de, qeni beye hoton -i hanqi fafulame dosikakv, wan be isibuhakv seme ini gvsai ejen fiyanggv beise fafun de alafi duileqi, yargiyan ofi lolo, kamqiha, yandai be gemu tanggvta xusiha tantaha,	镶蓝旗下罗洛、喀木齐哈、颜岱等率本旗兵独自克城时，彼等下令所部不得攻进城下，又未曾携云梯至。故该旗噶山额真费扬古贝子告法司鞫审，得实。罗洛、喀木齐哈、颜岱各鞭一百。
han geli geren -i baru hendume,	汗复谕众人曰：
xajin fafun be jurqerakv yabumbi kai,	行则不违纪律矣。
waqi ineku olji faitafi gerqi de bumbi,	宰则亦夺其所俘赏与首告之人，
fiyanggv gvsai duin,	费扬古旗四人、
inu funqehengge ambula,	然所余者多哉，
sunja inenggi dubede emgeri uksilefi gabtabu sehe.	五日内披甲射矢一次。”
iqe nadan de, jarut gurun -i gendur taiji -i sargan jui be mergen daiqing sargan gaime jafan benehengge,	初七日，墨尔根戴青娶扎鲁特部根杜尔台吉之女为妻。所送聘礼：
emu beile -i juwete niyalma be tuqibufi unggihe de, saimuha -i morin be bata gidalame tuhebuhe be sundalafi gajiha,	每贝勒遣二人往。时赛木哈之马被敌刺倒，二人同骑一马而归。
siran siran -i jing eiterxeme ubaxataqi, bi saisa niyalma ere adali hvsun -i yaburengge akv dere seme dembei olhombi,	屡行欺诈，反复无常。贤人未有似此恃力妄行者，足可惕也。
hoton qi nukqifi burulame hada de genehe boigon, amasi han be baime jihengge be, mini eden seme gemu minde buhe,	其离城逃往哈达复来归附于汗之户口，乃照户口缺额尽赐之。
niyalma emu tanggv, morin jakvnju, temen nadanju ninggun, ihan emu tanggv orin nadan, honin emu tanggv juwan olji bahafi gajiha.	获百人、马八十、驼七十六、牛一百二十七、羊一百有十还。
tumen jalan de halarakv giyan,	诚万世不易之理也。
tere inenggi han de subudi -i jui gurushib emu ihan, sunja honin, emu ulgiyan -i yali, emu ihan -i yali, emu honin -i yali, qai uyun bouse gajiha bihe,	苏布迪之子古鲁斯喜布进汗牛一、羊五、一猪之肉、一牛之肉、一羊之肉及茶九封。
gvwa be amala gajime jiu,	其余之人随后携之来。
aisin gurun -i han, ihan, hiyan, defelinggu dagilafi, amba aisin -i taizu u yuwan, dai ding juwe han -i enduri sourin de jukteme,	金国汗备陈牛、香、布匹，致祭于大金太祖武元、大定二帝神位前，曰：
tere inenggi, naiman -i hvng baturu, han de aqame juwe kukuri arki gajime jihe,	是日，奈曼部洪巴图鲁携酒二背壶来见汗，
mama tuqimbi.	以防出痘。”
liyoudung be baha manggi, sini ahvn tung hvwa niyan be jeng giyang de qiyanzung obufi unggifi, jeng giyang ni niyalma ubaxaha fonde, dain -i mau wen lung de wabuha,	克辽东后，授尔兄佟化年为镇江千总。镇江人叛时，为敌毛文龙所杀。
hvsi qagan, xukiu, uju amba, qeqike mergen, tanaka, urgana, irgeni,	德得、郎格、尼雅汉、塔尔虎、托希纳、阿勒东阿、麻勒吉、郎色、赖荪、胡纽、嘉木苏、毛达色、克车尼、通果倭吉赫、
tuttu fujisa hengkilere doro wajiha manggi, enduringge han de hoxoi qin wang, doroi giyvn wang sa, bithe qouhai geren hafasa be gaifi,	福晋等叩拜礼毕，诸和硕亲王、多罗郡王率文武各官，
ilaqi jergi fujiyang obondoi, lousa, xi ting ju, gebakv, gusantai efu, yekxu, unggadai, darhan hoxouqi, mergen hiya, nanqu, gvnata, turusi,	三等副将鄂本堆、劳萨、石廷柱、格巴库、顾三泰额驸、叶克舒、翁阿岱、达尔汉和硕齐、侍卫墨尔根、南楚、古纳塔、图鲁什等
tere morin be tumsi, lousa de juwete morin buhe,	生擒二人解至。
tereqi geren hafasa dosifi uju de gung, amban janggin, aliha amban, meiren -i janggisa, ilan jergi niyakvrafi uyun jergi hengkilehe,	于是，各官入宫行礼。先公、昂邦章京、承政、梅勒章京，行三跪九叩礼；
orin duin de, gu an hiyan qi monggo -i aqifi gajiha moqin be, feyengge niyalma de xangname buhe.	二十四日，以蒙古自固安县驮来布匹，赏给受伤之人。
jai sunja taiji de ilhi ilhi tebeliyeme aqaha,	又依次抱见五台吉。
bujai beile -i yaluha kuren morin de enggemu hadala tohohoi, beyei ashaha jebele dashvwan youni buhe,	将布寨贝勒所乘栗色鞍马及所佩撒袋、弓套，尽赐之，
weijeng nangsu -i duin niyalma,	卫征囊苏之四人；
mini beye feye de liyeliyefi hamirakv ofi, tere duin hafan be qahar nakqu de afabuha,	时因伤昏迷不支，故将四官交付察哈尔舅舅。
mini gurun -i ba be mini qisui tuwakiyame teki,	我国地方，我自居守，
genehe geren beise de emte morin buhe,	赐出征诸贝勒各马一匹。
gurun -i monggo beise -i sargata, monggo hehesi, tuweri juwari gemu ojin teleri etu,	“国中蒙古诸贝勒之妻及蒙古妇女，冬夏俱服捏褶女朝褂及捏褶女朝衣。
bi irgen -i ama eme ofi, dade dain -i fonde karmame bahakv bime, ini qisui jihengge be geli huthufi beneqi, uba abkai giyan de antaka,	我为民之父母，征战之初未能加以保护，其自行来归者，复缚而送之，乃于天理何，
tuttu boljome gisureme wajifi, hoxoi erke qin wang, qouhai niyalma be wan dagilabufi, ginjeu hoton -i amargi dere be jai ging ni dubede afanafi, boljoho erin jurqefi weile mutehekv bederehe manggi, hoton -i dorgi niyalma serefi cui ing xi -i jergi niyalma be baiqame jafara de, jang xou jeng, men xi wen, men xi k’o, qin yung fu se ukame tuqifi jihebi,	约毕，和硕豫亲王即命兵士整备云梯，至二更末，往攻锦州城北面，因失约未成事而回。城中人觉之，即搜捕崔应时等。时有张绍祯、门世文、门世科、秦永福等逃出来归，
ere sunja weile,	其罪五。
mi yvn -i giyvn men -i qouha, gi jeu -i douli qouha, ere juwe hoton -i qouhai emgi jifi, zung hvwa heqen de dobori duin bade afanjiha bihe,	密云军门及蓟州道合兵夜至遵化，四面夹攻，
hokton -i enggemu de tohoma kamqihai emke, seleme emke,	带韂暖木鞍一、顺刀一；
emu haqin qen xang j’i, sirdan faksi wen de cai be gidahabi,	一件，隐匿陈尚志及箭匠文德才；
jai geren wang geli tu -i jalin yangguri efu, turgei be dele enduringge han de gisun wesimbume unggire de, gvsai ejete ilden -i baru hendume,	又诸王复以旗纛事，遣杨古利额驸及图尔格依奏圣汗时，众固山额真谓伊勒登曰：
ere hergen be juse omosi jalan halame efulerakv.	此职子子孙孙世袭罔替。”
jihe doroi jakvn ihan, orin honin wafi sarilaha,	朝见毕，额驸退，以所携酒献汗及诸贝勒先饮。命额驸坐于大贝勒右侧。
karaqin -i subudi, tusiyetu efu, ere juwe be ambula sain niyalma seme gvniha bihe,	若喀喇沁部苏布迪、土谢图额驸此二人，乃为最优。
bi dahaha irgen be ujire jalin, jai etuku mahala ilgara, giyansi jafara be ilibure, hafan be hairandara jalin, bi jaqin beile de bithe unggihebi.	我为抚养降民，并为分辨衣帽、禁捕奸细、爱惜官员等事已致书二贝勒矣。”
suweni uttu wafi jimbi sere anggala, tun -i yaya hafasa, bai uthai tun -i niyalma be gaifi dahaqi, bi inu terei gajiha irgen be gemu tede salibufi ujimbi kai,	且不言尔等杀其官吏来归，即岛上官员及庶人率岛民来归，我亦将其携来之民悉归其专主，加以养赡也。
ere sidende yaya niyalma enduringge han de hengkileme genere be, hengkileme unggire be, jai niyamarame jidere be gemu naka seme nakabu,	在此期间，凡欲亲自来朝，或遣人来朝，或来探亲者，俱着停止’。
aisin gurun -i han genggiyen onqo erdemu be selgiyefi gurun be elbime dahabumbi,	金国汗明哲，施仁布德，招宄诸国，
orin de jurafi, han -i tehe beging ni heqen -i amargi tu qeng guwan -i xun dekdere hoxo -i tala, han -i ing iliha,	二十日，大军启行，汗营于北京城北土城关东隅，
tere inenggi, aru -i monggo qouha be ini bade unggihe.	携军中瘦马及各台归降户众还，命每旗出人领之。
suweni gvniha de aqabume gisurefi doro aqaqi ombiu,	顺从尔意，岂能和好。
ginjeu heqen sahara jalin de unggihe bithei gisun,	为筑锦州城致书曰：
iqe uyun de, juwe beile -i bithe, korqin de unggihe,	加圈点老档。
suwe ekxere niyalma gene,	“尔等急归者自归耳，
jai aqara doroi bure ulin be suwe seule,	至以修好之礼馈送财帛，尔等计之。
ulha -i oron ilibume gaifi gerqi de bumbi,	并照所用牲畜数追赔，给首告之人。
karaqin -i juwe gvsa, kubuhe fulgiyan, kubuhe lamun -i emgi sabing ni qouha be gidaha,	喀喇沁二旗与镶红、镶蓝二旗败萨秉之兵，
gosin onqo hvwaliyasun enduringge han ejen de, hoxoi qin wang, doroi giyvn wang, doroi beile, bithe qouhai geren ambasa urgun -i doroi wesimbure gisun,	“和硕亲王、多罗郡王、多罗贝勒、文武大臣以庆贺礼奏闻宽温仁圣汗：
ineku tere inenggi, gosin onqo hvwaliyasun enduringge han -i hese,	是日，宽温仁圣汗谕曰：
manjusiri -i gvsai ilan tanggv ninju uksin,	满珠习礼旗下甲兵三百六十八，
tere gisun be loxo, garin, hafan -i jurgan -i aliha amban turgei, ashan -i amban tambai de afabuha.	二十三日，赐大祖母
ume meni ere gisun be kenehunjeme gvnire,	勿疑我言，
tere anggala, ishunde aqaki sehe weile be, daqi juwe gurun -i qihalahangge, juwe bade tusa ojoro weile be, si qihakv oqi uthai naka,	况议和之事，乃两国所愿、于两地有益之事，尔若不愿则已也，
esede enduringge han hese wasimbume henduhe gisun,	圣汗谕之曰：
gajiha arki be han de angga isibuha,	以所携酒献汗饮。
uheri morin ninggun tanggv uyunju,	总计马六百九十匹。
ede bou bufi niyalmai baitalara ai ai jaka gemu bufi mujakv ujihe.	又赐房舍及一应日用器物，从优养之。
jai dahaha irgen be usin hvdun taribu,	再命降民从速耕种，
abkai buhe dahaha irgen be waha turgunde kenehunjembi,	“天赐尔辽东、永平兵民，尔等若不加屠戮，则天下之民闻尔军至，自愿归顺。
neneme niyalma takvrafi gisureme jihe de, emu gisun -i wajiqi mangga,	“招练营副将祖泽润叩禀汗麾下：
jasei dorgi ba ehe ofi, jeku gaji seme sain ba be tuwame jase neifi, juwe suwayan be qilin -i ergi de, juwe xanggiyan be an ping ni ergi de, juwe fulgiyan be xi qeng ni ergi de guribuhe,	父汗在时，为便于守边驻防，而分定地界。
orin nadan de, bayarai jalan -i janggin emu gvsai emte, emu nirui emte bayara qouha be gvnggadai age gaifi, ming gurun -i ginjeu -i golo de qouha genehe hoxoi mergen qin wang, hoxoi erke qin wang ni jakade qouha nonggime genehe,	二十七日，巩阿岱阿哥率每旗护军甲喇章京一员、每牛录护军一名，往援出征明国锦州一带之和硕睿亲王及和硕豫亲王，
qouhai niyalma be deu jui -i gese gosi,	爱士卒如子弟。
jasak -i darhan joriktu de suje sunja, orin moqin, menggun -i qara emke, qekemu emke, hailun juwe, xempi juwe, uksin saqa, foloho enggemu hadala,	扎萨克之达尔汉卓里克图缎五、毛青布二十、银酒海一、倭缎一、水獭皮二、绿斜皮二及盔甲、雕鞍辔；
bogodoi, bayartu, sousa, usuntei, qoktu, g’arma, hoqintai, qoktu, bandi,	博果多依、巴雅尔图、扫萨、乌孙特依、绰克图、嘎尔玛、霍钦泰、绰克图、班迪。
agvn -i weilengge taijisa oqibe, weile akv taijisa oqibe, elhe be baime jidere be ilibu,	阿衮属下诸台吉，无论有罪无罪，停止前来请安，
jai gaji sere jaka ambula, ekiyembu seqi, be inu suweni gisun be dahafi ekiyembuhe,	又称索取之物过多，令我裁减，我亦从命减之。
tuqinu seqi inu tuqirakv,	招之亦不出城，
funqehe irgen be elbime isabu,	无论何事，须与我驻遵化之官共同办理。
te tolgin de tolgimbure kouli de bisire jakade ambula ferguweme, qohome ambasa be takvrafi sini gvnin de aqabume ihan sindame weqembi.	今既见梦，且例已有之，甚为奇之，特遣大臣以牛致祭，以慰尔心。”
hoxoi qin wang, doroi giyvn wang, doroi beile se, gvsai beise sei gaifi ujihe sargan jui be, hojihon be, inu ujihe ama be dahame gebulembi.	凡和硕亲王、多罗郡王、多罗贝勒、固山贝子收养之女及婿，亦从其养父名之。
musei qouha hvng xan keu be gaiha manggi, hvng xan keu -i canjiyang akv ofi, qiyanzung be tukiyefi xeubei obufi, canjiyang ni weile be daiselame kadala sehe bihe,	我军克洪山口后，因洪山口无参将，乃擢千总为守备，兼管参将事务。
qahar -i ulin be enggeder efu -i emgi deleri gaiha seme hergen efulehe,	因与恩格德尔额驸擅取察哈尔财物，故革职
lii yvn si dade ginjeu -i fujiyang bihe,	李云，尔原系锦州副将，
jang douli -i qouha de ini jalan qi juleri dosika seme ni gidaha.	遇张道台兵，先本甲喇进击。故此叙功。
enduringge han -i hesei,	奉圣汗谕旨，
ninggun niyalma be jafaha,	生擒六人。
tere inenggi, luwan jeu -i hafan de ejehe buhe bithei gisun,	是日，赐滦州官员敕书云，
babutai age be, si han -i jui bime, han -i gvsa de bikai,	将籍没之物进汗。
ulan baksi, biqeqi bandi, dedei, ere ilan niyalma de emte suje etuku, emte suje, juwan ninggute moqin, erei juwete kutule de sunjata moqin,	杜斯噶尔济浓之博依托蟒缎一、缎一、毛青布十六，跟役二人各毛青布十。
gerqi be hokoburakv,	不准离主。
jakvn bou ishunde kouli tuwame bu,	八家各按例给之。
wesibufi iugi jafu bufi, emu jergi etuku xangnafi, ini ba be tuwakiya seme unggihe.	朝见。遂擢为游击，给与札付，赐衣一袭，遣还原地驻守。
juwan jakvn de indehe.	十八日，驻营。
ere sarin de gvsin dere dasafi morin emke, ihan ilan, honin sunja wafi sarilaha,	是宴，治席三十桌，杀马一、牛三、羊五。
buhe menggun be aqan dendeme takvraha niyalma suweni nikan -i kouli gaijara yaya ba -i niyalma ulin ume bure,	所付银两，合分，所遣之人，按尔汉人之例取之。各地之人不得付给财物，
emu agvra aisilahakv serengge, tere suweni arga kai,	所谓我可曾有一械相助之言，乃尔之计也。
daimungga nirui janggin,	岱木阿系牛录章京，
jai musei jihe amala, han -i heqen -i lou -i emu minggan niyalma lou be tuwa sindafi, musei baru ubaxame heqen -i duka be nukqime tuqire be, dukai niyalma serefi gemu baiqame jafaha sere,	又云我军来后，京城狱内千人焚烧牢狱，叛向我军，冲出城门，门守发觉，悉行拿获等语。
nomqi be jakvnju juwe xusiha tantafi xan tokofi olji faitaha, uyun yan -i weile gaiha, niru boxoro be nakabuha, hafan wesire jergi de wesiburakv sehe,	诺木齐鞭八十二、贯耳、籍其俘获、罚银九两、罢管牛录、不准其升级。
erei turgunde olji gaiha.	故夺其俘获。
wang lama -i olji, niyalma juwan ilan, ihan emke, eihen emke, uheri tofohon,	王喇嘛俘获：人十三、牛一、驴一，共十五；
hvlara hafan faida seme hvlaha manggi, geren gemu faidaha,	赞礼官赞排班，众皆排班，
luwan jeu, gi jeu -i ukandara be gerqilehe seme wesibufi ii mu hafan obuha,	因举发滦州、蓟州逃人，擢为吏目。
abka de habxafi dain deribuhe,	故告天兴师，
bi gosin jurgan be abkai fejile selgiyeki sembime, suweni ilan niyalma be ainu jalidara,	我欲以仁义昭告天下，岂能独欺尔等三人耶。
takvraha niyalma taxarame hv bu -i quwan de dosifi, qiyanliyang benjihe hv bu jafafi, mini ilan niyalma be sasari ging de gamame, minde inu donjibuhakvbi,	不料汗所遣之人误入户部粮船，为来送钱粮之户部官员擒获，连同我之三人解往京城，并未告知于我。
haha juwe tanggv gvsin uyun, hehe juse ilan tanggv gvsin uyun, morin gvsin duin, losa uyun, eihen juwan duin, ihan juwan duin bihe,	十二日，于子章台主参将王景来降，
emu qiyanzung dehi niyalma gaifi dolo bi seme alaha manggi, be, han el juwang de genembi,	并报称有一千总率兵四十驻于城内等语。我等遂谎称前赴汉儿庄，
barai sanjin si dade bai niyalma bihe,	巴赖山津：尔原系白身，
hvrha seke -i dahv emke, iqehe seke -i mahala emke, foloho umiyesun de fungku fadu hvwaitahai emke, xempi hafiraha sarin gvlha de suje -i wase jibsihai emu juru,	虎尔哈貂皮端罩一、熏貂帽一、系手帕荷包雕花腰带一、连缎袜绿斜皮靴一双、
orin uyun de, pi dou de takvraha xusai qi biyan lung isinjiha,	两福晋各纳羊五十、牛五、次貂皮端罩一。
tanaka beiguwan be, ginjeu de biyaluha,	塔纳喀备御攻锦州时退缩，
suwe mimbe wambi seme olhome gvniha kai,	想尔等亦惧我将尔等诛戮也。
juwan ningguqi debtelin sure han -i ilaqi aniya aniya biyaqi nadan biyade isinahabi	第十六册天聪三年正月至七月
oton, jumara, namtai, ere ilan beiguwan be, jang douli de biyaluha seme hergen efulehe,	沃屯以及珠麻喇、纳穆泰三备御，击张道台兵时退缩，故革职
tere dobori amba nimanggi nimarara de, kederere niyalma, tuqike be sahakvbi.	刘哈率护军八十人，乘夜设伏，执而诛之。
fujin ilan jergi domnofi emu jergi hengkilehe manggi, bithe hvlaha hafan qe be dere qi gaifi fujin -i wargi ashan de iliha hehe de alibume bure de,	福晋复行三万福一叩首礼毕。宣册官自案上取封册，呈与福晋西侧侍立之妇人，
eigen sargan be ume faksalara,	勿离散人夫妇，
membe gurun ajigan suwende ainaha hvwangdi seqi, julge dai liyou, aisin, dai yuwan, tere gemu ajige gurun qi tuqifi hvwangdi ohobi kai,	倘谓我国小，不宜称皇帝，古之大辽、金、大元，俱由小国而成为皇帝也，
burengge yadahvn bime haha sain, agvra dagilarangge sain, tenteke niyalma de bu seme henduhe.	赏给贫困而技艺精强、善治军械之人。”
jebele de beri niru sisihai, foloho enggemu hadala emke, bai enggemu hahala juwe, menggun -i kukuri emke, tampin emke, dongmo emke,	插有弓箭之撒袋、雕鞍辔一、素鞍辔二、银扁壶一、壶一、茶筒一、
han de ilan yan aisin, gu -i buleku emke gajiha.	是日，土默特部庚格勒侍卫、鄂雅特来叩见汗。
si terei niyamangga ofi beging qi tere be baime ukame jihengge, inu ambula akdun kai,	尔系彼之亲属，为寻彼故，由北京来归，亦甚诚信。
tuttu gurun de jiheqi ebsi, mujilen de tebufi gvnime, niyalmai sain jalingga, weile -i yabure yaburakv, giyan -i aisi obure be yendebure, nungnequn be tuqibure be bi kemuni gvnimbihe,	故自入国以来，留心揆度，凡人之贤奸，事之可否，宜兴之利，宜除之害，臣俱经筹划，
uju jergi feye de xangnaha,	以一等伤受赏。
turgei amala ginjeu de jeku tuwa sindame genehe de, bayara be gaifi ginjeu de zu zung bing guwan -i deu dobori dosimbi seme donjifi,	图尔格依：后赴锦州焚粮时，闻祖总兵官之弟夜入锦州，
jai sunja jergi sirambi.	准袭五次。
juwan jakvn de, ninju sahalqa, han de seke silun dobihi benjime hengkileme jihe.	十八日，萨哈尔察部六十人来朝，贡貂皮、猞猁狲皮及狐狸皮。
gvsai beise sei emte da sargan be gvsai fujin, gvwa sargan be asihan fujin, sargan jui be gvsai gege, hojihon be gvsai efu sembi,	固山贝子嫡妻各一人，称固山福晋，余妻称少福晋；其女称固山格格，婿称固山额驸。
neiqi emu honin yali, emu kukuri arki,	以朝见礼，班迪携二羊之肉、烧酒两壶，
umai wahakv,	驻跸额尔登河。
qeni beye neneme tuqikebi,	因城已毁，大臣等未撤回兵士，
meni buthai niyalma uqaraqi, buya urse musei doro emu oho be ulhire unde,	再者，令尔禁止尔方人在我处采参，
bi inu sinde kadalaburakv,	亦不归尔管辖。
manju monggo nikan -i wesimbuhe biyou bithei gisun gemu emu songko,	圣汗所降谕旨俱相同。
daiming han, sung han -i hvnqihin waka, be geli nendehe aisin han -i hvnqihin waka,	后于进征北京之际，屡次致书欲和，而明君臣，唯以前宋帝为鉴，竟无一言回报。
baintu -i emgi ubai, omoktu, hvmise, bayan duin gvsai gabsihiyan be gaifi, sung xan -i emu minggan yafahan qouha be gidaha,	乌拜、鄂莫克图、胡米色、巴彦与拜音图率四旗先锋兵击败松山步兵一千。
membe urulefi xanaha qi qasi liyoudung, guwangning ni ba be mende buhe,	以我为是，将山海关以东辽东、广宁地方畀我。
guwan yen pusa tugi de tuwabume den jilgan -i sure han seme hvlame, meni gurun -i unenggi doron be sinde benehe be si kemuni ulhirakv,	观音菩萨驾云显圣，高呼‘天聪汗’，命将我国真玺送与尔，尔尚不觉。
tofohon ba -i dubede tatabuha,	时未令诸贝勒、大臣入城，
jai gvwa -i morin be gaihakv bederebuhe.	余皆却之。
nanqungga, ulai, dantan, jirhai, qungsika, jafuni, golohoi, nomtu, haksaha, garda, hvsiri, akiu, tolbi, qalasun, yenggene, langgida, moudase,	南冲阿、乌赖、旦坦、济尔海、冲西喀、扎富尼、郭罗惠、诺木图、哈克萨哈、噶尔达、胡西里、阿球、托儿弼、查拉孙、英俄讷、楞济达、毛达色、
membe doroi jalin bithe takvrafi geli ainu dailambi seme ume gvnire,	勿虑我既遗书议和，又缘何兴兵征讨。
tere anggala, juwe gurun doro aqafi sain oqi, jurgan emu boui adali,	况两国既和，义同一家，
waliyara de enggemu hadala tohoho morin juwan emu, sula morin juwan emu, temen ninggun yaruha bihe,	祭奠时，以鞍马十一、空马十一、驼六引路。
juwe be ujihe,	留其二人养之。
tunqi age, hoto age, gvnggadai age gurun -i jase tuqime genefi sarin sarilafi fudehe.	屯齐阿哥、和托阿哥、巩阿岱阿哥送出边界，复大宴饯行。
si nememe terei gisun be han de ainu wesimbumbi seme weile tuhebufi gvsai ejen be nakabuha.	缘何反以其言奏汗耶。”遂拟罪，解固山额真任。
bi adarame gvlgime gvnire,	呼天喊地而死也。
aramji lama juwe suje, qorji lama tanggv bouse qai, normui lama emu suje, gvsin bouse qai benjihe.	阿喇木济喇嘛献缎二；绰尔济喇嘛献茶百封；诺尔木依喇嘛献缎一、茶三十封。
lu geu kiyou -i qouha be jakvn gvsa aqan gidaha,	八旗合攻卢沟桥兵，败之。
ere juwan duin niyalma be weile akv, gung inu akv guwebuhe.	以上十四人无过亦无功，免赏。
sonom yelmi -i emu niyalma,	索诺木叶勒密之一人。
qouhai agvra be hvdun kiqeme dasa,	当从速修理军械，
wang ni beye gashvre, deu be mende hengkileme unggire jakade, dahabuha gurun be gemu amasi buhe,	王亲自盟誓，遣其弟来朝，遂尽还其归附人众。
tumen buqere qi funqehe irgen, enqu bade oljilabufi, baniha ba na be kidume ergen be xelefi ukame jime, jugvn de geqeme yuyume, bahafi weihun amasi isinjihangge, gvniqi tanggv de emken juwe akv,	逃过万劫之民，被俘于异地，思念故土，舍命逃归，冻饿于道，得以生还者，想百无一二。
han de niyakvrafi hengkileme aqaha,	汗自座起立，
juwan ilaqi dobton taizung hvwangdi -i wesihun erdemungge -i suqungga aniya sunja biyaqi ninggun biyade isinahabi	第十三函太宗皇帝崇德元年五月至六月
darhan efu -i gvsai namtai wejihe, kalka isibuhakv emu weile, burulaha juwe weile, erei turgunde emu tanggv yan -i weile gaiha.	达尔汉额驸旗下那木太沃吉赫，未携至盾，其罪一；临阵败走，其罪二。拟罚银百两。
abkai fejergi irgen be genggiyen han tuqifi uheleme toktobumbi,	英明汗御世，统驭天下之民，
gendushib -i baha olji, niyalma gvsin, ihan juwan, bandi dureng ni baha olji, niyalma orin, ihan sunja,	根都斯喜布俘获人三十、牛十；班迪杜棱俘获人二十、牛五；
ginjeu sung xan -i ergide karun tebume unggihe.	左翼四旗以总兵官阿山为主将，右翼四旗以参将劳萨及备御图鲁什为主将，
doroi jurgan -i ambasa, meni meni gvsai usin weilehe weilehekv be, jeku bisire akv be baiqa,	“详查各旗所属之人孰能耕种孰不能耕种，孰有粮孰无粮。
neneme nimere de, han -i guquse be emdubei siran siran -i lakqarakv tuwanabufi, geli han -i beye ududu jergi tuwanahangge,	前当萨哈廉病卧之际，汗屡遣近臣往视，络绎不绝，汗亦亲往探视数次，
wara be nakafi weile arafi zung bing guwan -i hergen be efulehe,	来至永平，未收拢我军而归。来后，为何不力劝阿敏。”罪应死。
hese be donjihakvngge akv,	无不遵行。
enggemu be hvlhaqi, fisa be hvwajabume tantambi,	有盗鞍者，杖裂其背；
terei adali obuqi, bi ojorakv,	则我不能允。
g’arma hvwang taiji -i duin morin be gaiha,	纳赛扬台吉、巴木布、伊勒登、东戴青等各进马一。
iqe de, uju jergi fujiyang jang k’o mu, zu k’o fa, zu je r’un, zu je hvng, cou gung qeng, liu tiyan lu, jang cun r’in,	初一日，赏一等副将张洪谟、祖可法、祖泽润、祖泽洪、曹恭诚、刘天禄、张存仁等
terei amala beging de qouha genehe fonde, jing aqaki seme bithe beneqi, nikan -i han amban jing julgei sung han be buleku obufi minde karu emu gisun jabuhakv,	并无回报。
sengge nirui janggin,	僧格系牛录章京，
bi liyoudung be baha manggi, wesibufi beiguwan -i hergen buhe,	我取辽东后，举而授以备御职。
tere inenggi, nikan han de aqaki sere bithe be, dahai, aibari, de xeng men duka de emu bithe, an ding men duka de emu bithe benehe bihe.	是日，遣达海、爱巴里赍议和书二函往，一置德胜门，一置安定门。
ajige taiji, xoto age emte honin wafi sarilaha,	三十日，汗出营，前往阿济格台吉驻地，时两台吉迎于一里外。
juxen niyalma oqi, beye be wambi,	兵丁处死，
omxon biyai iqe sunja de, hvsibu -i gvsai udahai jalan -i siran nirui todong gebungge emu niyalma, saldu -i emgi genefi wabuhabi,	为此，罚甲喇章京乌达海以应得之罪。
doroi efu, meiren -i janggin -i jergi de etu,	多罗额驸冠服规制与梅勒章京同，
